filename,user,url,download_date,path,status
imgsrc.ru_84860057RiY.webp,amelialexi18,https://b3.cc.icdn.ru/a/amelialexi18/7/imgsrc.ru_84860057RiY.webp,2025-07-14 15:31:49,E:/Arquivos/Área de Trabalho/IMG\amelialexi18\Kristina\imgsrc.ru_84860057RiY.webp,active
imgsrc.ru_84858435QYb.webp,amelialexi18,https://b3.cc.icdn.ru/a/amelialexi18/5/imgsrc.ru_84858435QYb.webp,2025-07-14 15:31:49,E:/Arquivos/Área de Trabalho/IMG\amelialexi18\Kristina\imgsrc.ru_84858435QYb.webp,active
imgsrc.ru_84857943YaT.webp,amelialexi18,https://b3.cc.icdn.ru/a/amelialexi18/3/imgsrc.ru_84857943YaT.webp,2025-07-14 15:31:49,E:/Arquivos/Área de Trabalho/IMG\amelialexi18\Kristina\imgsrc.ru_84857943YaT.webp,active
imgsrc.ru_84857944NMg.webp,amelialexi18,https://b3.cc.icdn.ru/a/amelialexi18/4/imgsrc.ru_84857944NMg.webp,2025-07-14 15:31:49,E:/Arquivos/Área de Trabalho/IMG\amelialexi18\Kristina\imgsrc.ru_84857944NMg.webp,active
imgsrc.ru_84857949FDU.webp,amelialexi18,https://b3.cc.icdn.ru/a/amelialexi18/9/imgsrc.ru_84857949FDU.webp,2025-07-14 15:31:49,E:/Arquivos/Área de Trabalho/IMG\amelialexi18\Kristina\imgsrc.ru_84857949FDU.webp,active
imgsrc.ru_84857952EsR.webp,amelialexi18,https://b3.cc.icdn.ru/a/amelialexi18/2/imgsrc.ru_84857952EsR.webp,2025-07-14 15:31:49,E:/Arquivos/Área de Trabalho/IMG\amelialexi18\Kristina\imgsrc.ru_84857952EsR.webp,active
imgsrc.ru_84857953toQ.webp,amelialexi18,https://b3.cc.icdn.ru/a/amelialexi18/3/imgsrc.ru_84857953toQ.webp,2025-07-14 15:31:49,E:/Arquivos/Área de Trabalho/IMG\amelialexi18\Kristina\imgsrc.ru_84857953toQ.webp,active
imgsrc.ru_84857954uQE.webp,amelialexi18,https://b3.cc.icdn.ru/a/amelialexi18/4/imgsrc.ru_84857954uQE.webp,2025-07-14 15:31:49,E:/Arquivos/Área de Trabalho/IMG\amelialexi18\Kristina\imgsrc.ru_84857954uQE.webp,active
imgsrc.ru_84857956udo.webp,amelialexi18,https://b3.cc.icdn.ru/a/amelialexi18/6/imgsrc.ru_84857956udo.webp,2025-07-14 15:31:49,E:/Arquivos/Área de Trabalho/IMG\amelialexi18\Kristina\imgsrc.ru_84857956udo.webp,active
imgsrc.ru_84857957qzk.webp,amelialexi18,https://b3.cc.icdn.ru/a/amelialexi18/7/imgsrc.ru_84857957qzk.webp,2025-07-14 15:31:49,E:/Arquivos/Área de Trabalho/IMG\amelialexi18\Kristina\imgsrc.ru_84857957qzk.webp,active
imgsrc.ru_84857960Kqt.webp,amelialexi18,https://b3.cc.icdn.ru/a/amelialexi18/0/imgsrc.ru_84857960Kqt.webp,2025-07-14 15:31:49,E:/Arquivos/Área de Trabalho/IMG\amelialexi18\Kristina\imgsrc.ru_84857960Kqt.webp,active
imgsrc.ru_84857961WLv.webp,amelialexi18,https://b3.cc.icdn.ru/a/amelialexi18/1/imgsrc.ru_84857961WLv.webp,2025-07-14 15:31:49,E:/Arquivos/Área de Trabalho/IMG\amelialexi18\Kristina\imgsrc.ru_84857961WLv.webp,active
imgsrc.ru_84857962ozD.webp,amelialexi18,https://b3.cc.icdn.ru/a/amelialexi18/2/imgsrc.ru_84857962ozD.webp,2025-07-14 15:31:49,E:/Arquivos/Área de Trabalho/IMG\amelialexi18\Kristina\imgsrc.ru_84857962ozD.webp,active
imgsrc.ru_84857963euv.webp,amelialexi18,https://b3.cc.icdn.ru/a/amelialexi18/3/imgsrc.ru_84857963euv.webp,2025-07-14 15:31:49,E:/Arquivos/Área de Trabalho/IMG\amelialexi18\Kristina\imgsrc.ru_84857963euv.webp,active
imgsrc.ru_84857964rPZ.webp,amelialexi18,https://b3.cc.icdn.ru/a/amelialexi18/4/imgsrc.ru_84857964rPZ.webp,2025-07-14 15:31:49,E:/Arquivos/Área de Trabalho/IMG\amelialexi18\Kristina\imgsrc.ru_84857964rPZ.webp,active
imgsrc.ru_84857965JLb.webp,amelialexi18,https://b3.cc.icdn.ru/a/amelialexi18/5/imgsrc.ru_84857965JLb.webp,2025-07-14 15:31:49,E:/Arquivos/Área de Trabalho/IMG\amelialexi18\Kristina\imgsrc.ru_84857965JLb.webp,active
imgsrc.ru_84858433NJe.webp,amelialexi18,https://b3.cc.icdn.ru/a/amelialexi18/3/imgsrc.ru_84858433NJe.webp,2025-07-14 15:31:49,E:/Arquivos/Área de Trabalho/IMG\amelialexi18\Kristina\imgsrc.ru_84858433NJe.webp,active
imgsrc.ru_84858434bHB.webp,amelialexi18,https://b3.cc.icdn.ru/a/amelialexi18/4/imgsrc.ru_84858434bHB.webp,2025-07-14 15:31:49,E:/Arquivos/Área de Trabalho/IMG\amelialexi18\Kristina\imgsrc.ru_84858434bHB.webp,active
imgsrc.ru_84867883KDs.webp,amelialexi18,https://b3.cc.icdn.ru/a/amelialexi18/3/imgsrc.ru_84867883KDs.webp,2025-07-14 15:31:49,E:/Arquivos/Área de Trabalho/IMG\amelialexi18\Kristina\imgsrc.ru_84867883KDs.webp,active
imgsrc.ru_84857951NZv.gif,amelialexi18,https://b3.cc.icdn.ru/a/amelialexi18/1/imgsrc.ru_84857951NZv.gif,2025-07-14 15:31:49,E:/Arquivos/Área de Trabalho/IMG\amelialexi18\Kristina\imgsrc.ru_84857951NZv.gif,active
imgsrc.ru_84857955kFr.gif,amelialexi18,https://b3.cc.icdn.ru/a/amelialexi18/5/imgsrc.ru_84857955kFr.gif,2025-07-14 15:31:49,E:/Arquivos/Área de Trabalho/IMG\amelialexi18\Kristina\imgsrc.ru_84857955kFr.gif,active
imgsrc.ru_84857958LEr.gif,amelialexi18,https://b3.cc.icdn.ru/a/amelialexi18/8/imgsrc.ru_84857958LEr.gif,2025-07-14 15:31:49,E:/Arquivos/Área de Trabalho/IMG\amelialexi18\Kristina\imgsrc.ru_84857958LEr.gif,active
imgsrc.ru_84857966ieV.gif,amelialexi18,https://b3.cc.icdn.ru/a/amelialexi18/6/imgsrc.ru_84857966ieV.gif,2025-07-14 15:31:49,E:/Arquivos/Área de Trabalho/IMG\amelialexi18\Kristina\imgsrc.ru_84857966ieV.gif,active
imgsrc.ru_84857967MUJ.gif,amelialexi18,https://b3.cc.icdn.ru/a/amelialexi18/7/imgsrc.ru_84857967MUJ.gif,2025-07-14 15:31:49,E:/Arquivos/Área de Trabalho/IMG\amelialexi18\Kristina\imgsrc.ru_84857967MUJ.gif,active
imgsrc.ru_84867884MVF.webp,amelialexi18,https://b3.cc.icdn.ru/a/amelialexi18/4/imgsrc.ru_84867884MVF.webp,2025-07-14 15:31:49,E:/Arquivos/Área de Trabalho/IMG\amelialexi18\Kristina\imgsrc.ru_84867884MVF.webp,active
imgsrc.ru_85069690bHX.webp,amelialexi18,https://b3.cc.icdn.ru/a/amelialexi18/0/imgsrc.ru_85069690bHX.webp,2025-07-14 15:31:49,E:/Arquivos/Área de Trabalho/IMG\amelialexi18\Kristina\imgsrc.ru_85069690bHX.webp,active
imgsrc.ru_85069691rVR.webp,amelialexi18,https://b3.cc.icdn.ru/a/amelialexi18/1/imgsrc.ru_85069691rVR.webp,2025-07-14 15:31:49,E:/Arquivos/Área de Trabalho/IMG\amelialexi18\Kristina\imgsrc.ru_85069691rVR.webp,active
imgsrc.ru_85069692egM.webp,amelialexi18,https://b3.cc.icdn.ru/a/amelialexi18/2/imgsrc.ru_85069692egM.webp,2025-07-14 15:31:49,E:/Arquivos/Área de Trabalho/IMG\amelialexi18\Kristina\imgsrc.ru_85069692egM.webp,active
imgsrc.ru_85069693EHu.webp,amelialexi18,https://b3.cc.icdn.ru/a/amelialexi18/3/imgsrc.ru_85069693EHu.webp,2025-07-14 15:31:49,E:/Arquivos/Área de Trabalho/IMG\amelialexi18\Kristina\imgsrc.ru_85069693EHu.webp,active
imgsrc.ru_85069694DRk.webp,amelialexi18,https://b3.cc.icdn.ru/a/amelialexi18/4/imgsrc.ru_85069694DRk.webp,2025-07-14 15:31:49,E:/Arquivos/Área de Trabalho/IMG\amelialexi18\Kristina\imgsrc.ru_85069694DRk.webp,active
imgsrc.ru_85069695JzM.webp,amelialexi18,https://b3.cc.icdn.ru/a/amelialexi18/5/imgsrc.ru_85069695JzM.webp,2025-07-14 15:31:49,E:/Arquivos/Área de Trabalho/IMG\amelialexi18\Kristina\imgsrc.ru_85069695JzM.webp,active
imgsrc.ru_85069700XaJ.webp,amelialexi18,https://b3.cc.icdn.ru/a/amelialexi18/0/imgsrc.ru_85069700XaJ.webp,2025-07-14 15:31:49,E:/Arquivos/Área de Trabalho/IMG\amelialexi18\Kristina\imgsrc.ru_85069700XaJ.webp,active
imgsrc.ru_85069689qyh.gif,amelialexi18,https://b3.cc.icdn.ru/a/amelialexi18/9/imgsrc.ru_85069689qyh.gif,2025-07-14 15:31:49,E:/Arquivos/Área de Trabalho/IMG\amelialexi18\Kristina\imgsrc.ru_85069689qyh.gif,active
imgsrc.ru_85069696rVU.gif,amelialexi18,https://b3.cc.icdn.ru/a/amelialexi18/6/imgsrc.ru_85069696rVU.gif,2025-07-14 15:31:49,E:/Arquivos/Área de Trabalho/IMG\amelialexi18\Kristina\imgsrc.ru_85069696rVU.gif,active
imgsrc.ru_85069699rTq.gif,amelialexi18,https://b3.cc.icdn.ru/a/amelialexi18/9/imgsrc.ru_85069699rTq.gif,2025-07-14 15:31:49,E:/Arquivos/Área de Trabalho/IMG\amelialexi18\Kristina\imgsrc.ru_85069699rTq.gif,active
imgsrc.ru_84994751ZXV.webp,iivolopes10,https://b1.cc.icdn.ru/i/iivolopes10/1/imgsrc.ru_84994751ZXV.webp,2025-07-14 15:37:55,E:/Arquivos/Área de Trabalho/IMG\iivolopes10\Belas_e_Lindas\imgsrc.ru_84994751ZXV.webp,active
imgsrc.ru_84994747aXP.webp,iivolopes10,https://b1.cc.icdn.ru/i/iivolopes10/7/imgsrc.ru_84994747aXP.webp,2025-07-14 15:37:55,E:/Arquivos/Área de Trabalho/IMG\iivolopes10\Belas_e_Lindas\imgsrc.ru_84994747aXP.webp,active
imgsrc.ru_85069698ZbT.webp,iivolopes10,https://b1.cc.icdn.ru/i/iivolopes10/8/imgsrc.ru_85069698ZbT.webp,2025-07-14 15:37:55,E:/Arquivos/Área de Trabalho/IMG\iivolopes10\Belas_e_Lindas\imgsrc.ru_85069698ZbT.webp,active
imgsrc.ru_84994754mqR.webp,iivolopes10,https://b1.cc.icdn.ru/i/iivolopes10/4/imgsrc.ru_84994754mqR.webp,2025-07-14 15:37:55,E:/Arquivos/Área de Trabalho/IMG\iivolopes10\Belas_e_Lindas\imgsrc.ru_84994754mqR.webp,active
imgsrc.ru_84994753BoT.webp,iivolopes10,https://b1.cc.icdn.ru/i/iivolopes10/3/imgsrc.ru_84994753BoT.webp,2025-07-14 15:37:55,E:/Arquivos/Área de Trabalho/IMG\iivolopes10\Belas_e_Lindas\imgsrc.ru_84994753BoT.webp,active
imgsrc.ru_84994744MLV.webp,iivolopes10,https://b1.cc.icdn.ru/i/iivolopes10/4/imgsrc.ru_84994744MLV.webp,2025-07-14 15:37:55,E:/Arquivos/Área de Trabalho/IMG\iivolopes10\Belas_e_Lindas\imgsrc.ru_84994744MLV.webp,active
imgsrc.ru_84994749yjU.webp,iivolopes10,https://b1.cc.icdn.ru/i/iivolopes10/9/imgsrc.ru_84994749yjU.webp,2025-07-14 15:37:55,E:/Arquivos/Área de Trabalho/IMG\iivolopes10\Belas_e_Lindas\imgsrc.ru_84994749yjU.webp,active
imgsrc.ru_84994746NXt.webp,iivolopes10,https://b1.cc.icdn.ru/i/iivolopes10/6/imgsrc.ru_84994746NXt.webp,2025-07-14 15:37:55,E:/Arquivos/Área de Trabalho/IMG\iivolopes10\Belas_e_Lindas\imgsrc.ru_84994746NXt.webp,active
imgsrc.ru_85069697JPg.webp,iivolopes10,https://b1.cc.icdn.ru/i/iivolopes10/7/imgsrc.ru_85069697JPg.webp,2025-07-14 15:37:55,E:/Arquivos/Área de Trabalho/IMG\iivolopes10\Belas_e_Lindas\imgsrc.ru_85069697JPg.webp,active
imgsrc.ru_84994748Leq.webp,iivolopes10,https://b1.cc.icdn.ru/i/iivolopes10/8/imgsrc.ru_84994748Leq.webp,2025-07-14 15:37:55,E:/Arquivos/Área de Trabalho/IMG\iivolopes10\Belas_e_Lindas\imgsrc.ru_84994748Leq.webp,active
imgsrc.ru_84994750VYd.webp,iivolopes10,https://b1.cc.icdn.ru/i/iivolopes10/0/imgsrc.ru_84994750VYd.webp,2025-07-14 15:37:55,E:/Arquivos/Área de Trabalho/IMG\iivolopes10\Belas_e_Lindas\imgsrc.ru_84994750VYd.webp,active
imgsrc.ru_84994752Jij.webp,iivolopes10,https://b1.cc.icdn.ru/i/iivolopes10/2/imgsrc.ru_84994752Jij.webp,2025-07-14 15:37:55,E:/Arquivos/Área de Trabalho/IMG\iivolopes10\Belas_e_Lindas\imgsrc.ru_84994752Jij.webp,active
imgsrc.ru_84994755FYR.webp,iivolopes10,https://b1.cc.icdn.ru/i/iivolopes10/5/imgsrc.ru_84994755FYR.webp,2025-07-14 15:37:55,E:/Arquivos/Área de Trabalho/IMG\iivolopes10\Belas_e_Lindas\imgsrc.ru_84994755FYR.webp,active
imgsrc.ru_84994745uMB.webp,iivolopes10,https://b1.cc.icdn.ru/i/iivolopes10/5/imgsrc.ru_84994745uMB.webp,2025-07-14 15:37:55,E:/Arquivos/Área de Trabalho/IMG\iivolopes10\Belas_e_Lindas\imgsrc.ru_84994745uMB.webp,active
imgsrc.ru_79934593MBZ.webp,photophil_ch,https://b2.cc.icdn.ru/p/photophil_ch/3/imgsrc.ru_79934593MBZ.webp,2025-07-14 15:58:22,E:/Arquivos/Área de Trabalho/IMG\photophil_ch\Stefanie_8J_II\imgsrc.ru_79934593MBZ.webp,active
imgsrc.ru_79934604ijs.webp,photophil_ch,https://b2.cc.icdn.ru/p/photophil_ch/4/imgsrc.ru_79934604ijs.webp,2025-07-14 15:58:22,E:/Arquivos/Área de Trabalho/IMG\photophil_ch\Stefanie_8J_II\imgsrc.ru_79934604ijs.webp,active
imgsrc.ru_79934627LKY.webp,photophil_ch,https://b2.cc.icdn.ru/p/photophil_ch/7/imgsrc.ru_79934627LKY.webp,2025-07-14 15:58:22,E:/Arquivos/Área de Trabalho/IMG\photophil_ch\Stefanie_8J_II\imgsrc.ru_79934627LKY.webp,active
imgsrc.ru_79934977LeF.webp,photophil_ch,https://b2.cc.icdn.ru/p/photophil_ch/7/imgsrc.ru_79934977LeF.webp,2025-07-14 15:58:22,E:/Arquivos/Área de Trabalho/IMG\photophil_ch\Stefanie_8J_II\imgsrc.ru_79934977LeF.webp,active
imgsrc.ru_79945076uLR.webp,photophil_ch,https://b2.cc.icdn.ru/p/photophil_ch/6/imgsrc.ru_79945076uLR.webp,2025-07-14 15:58:22,E:/Arquivos/Área de Trabalho/IMG\photophil_ch\Stefanie_8J_II\imgsrc.ru_79945076uLR.webp,active
imgsrc.ru_79945077DLo.webp,photophil_ch,https://b2.cc.icdn.ru/p/photophil_ch/7/imgsrc.ru_79945077DLo.webp,2025-07-14 15:58:22,E:/Arquivos/Área de Trabalho/IMG\photophil_ch\Stefanie_8J_II\imgsrc.ru_79945077DLo.webp,active
imgsrc.ru_79945078trq.webp,photophil_ch,https://b2.cc.icdn.ru/p/photophil_ch/8/imgsrc.ru_79945078trq.webp,2025-07-14 15:58:22,E:/Arquivos/Área de Trabalho/IMG\photophil_ch\Stefanie_8J_II\imgsrc.ru_79945078trq.webp,active
imgsrc.ru_79981165vya.webp,photophil_ch,https://b2.cc.icdn.ru/p/photophil_ch/5/imgsrc.ru_79981165vya.webp,2025-07-14 15:58:22,E:/Arquivos/Área de Trabalho/IMG\photophil_ch\Stefanie_8J_II\imgsrc.ru_79981165vya.webp,active
imgsrc.ru_79981166rem.webp,photophil_ch,https://b2.cc.icdn.ru/p/photophil_ch/6/imgsrc.ru_79981166rem.webp,2025-07-14 15:58:22,E:/Arquivos/Área de Trabalho/IMG\photophil_ch\Stefanie_8J_II\imgsrc.ru_79981166rem.webp,active
imgsrc.ru_79981167Ydk.webp,photophil_ch,https://b2.cc.icdn.ru/p/photophil_ch/7/imgsrc.ru_79981167Ydk.webp,2025-07-14 15:58:22,E:/Arquivos/Área de Trabalho/IMG\photophil_ch\Stefanie_8J_II\imgsrc.ru_79981167Ydk.webp,active
imgsrc.ru_79981168Tdo.webp,photophil_ch,https://b2.cc.icdn.ru/p/photophil_ch/8/imgsrc.ru_79981168Tdo.webp,2025-07-14 15:58:22,E:/Arquivos/Área de Trabalho/IMG\photophil_ch\Stefanie_8J_II\imgsrc.ru_79981168Tdo.webp,active
imgsrc.ru_79981169VmZ.webp,photophil_ch,https://b2.cc.icdn.ru/p/photophil_ch/9/imgsrc.ru_79981169VmZ.webp,2025-07-14 15:58:22,E:/Arquivos/Área de Trabalho/IMG\photophil_ch\Stefanie_8J_II\imgsrc.ru_79981169VmZ.webp,active
imgsrc.ru_79999881FUR.webp,photophil_ch,https://b2.cc.icdn.ru/p/photophil_ch/1/imgsrc.ru_79999881FUR.webp,2025-07-14 15:58:22,E:/Arquivos/Área de Trabalho/IMG\photophil_ch\Stefanie_8J_II\imgsrc.ru_79999881FUR.webp,active
imgsrc.ru_79999882diM.webp,photophil_ch,https://b2.cc.icdn.ru/p/photophil_ch/2/imgsrc.ru_79999882diM.webp,2025-07-14 15:58:22,E:/Arquivos/Área de Trabalho/IMG\photophil_ch\Stefanie_8J_II\imgsrc.ru_79999882diM.webp,active
imgsrc.ru_80006773Qji.webp,photophil_ch,https://b2.cc.icdn.ru/p/photophil_ch/3/imgsrc.ru_80006773Qji.webp,2025-07-14 15:58:22,E:/Arquivos/Área de Trabalho/IMG\photophil_ch\Stefanie_8J_II\imgsrc.ru_80006773Qji.webp,active
imgsrc.ru_80006776gea.webp,photophil_ch,https://b2.cc.icdn.ru/p/photophil_ch/6/imgsrc.ru_80006776gea.webp,2025-07-14 15:58:22,E:/Arquivos/Área de Trabalho/IMG\photophil_ch\Stefanie_8J_II\imgsrc.ru_80006776gea.webp,active
imgsrc.ru_80006778VQj.webp,photophil_ch,https://b2.cc.icdn.ru/p/photophil_ch/8/imgsrc.ru_80006778VQj.webp,2025-07-14 15:58:22,E:/Arquivos/Área de Trabalho/IMG\photophil_ch\Stefanie_8J_II\imgsrc.ru_80006778VQj.webp,active
imgsrc.ru_80006780rhH.webp,photophil_ch,https://b2.cc.icdn.ru/p/photophil_ch/0/imgsrc.ru_80006780rhH.webp,2025-07-14 15:58:22,E:/Arquivos/Área de Trabalho/IMG\photophil_ch\Stefanie_8J_II\imgsrc.ru_80006780rhH.webp,active
imgsrc.ru_80063286aug.webp,photophil_ch,https://b2.cc.icdn.ru/p/photophil_ch/6/imgsrc.ru_80063286aug.webp,2025-07-14 15:58:22,E:/Arquivos/Área de Trabalho/IMG\photophil_ch\Stefanie_8J_II\imgsrc.ru_80063286aug.webp,active
imgsrc.ru_80063287Xjk.webp,photophil_ch,https://b2.cc.icdn.ru/p/photophil_ch/7/imgsrc.ru_80063287Xjk.webp,2025-07-14 15:58:22,E:/Arquivos/Área de Trabalho/IMG\photophil_ch\Stefanie_8J_II\imgsrc.ru_80063287Xjk.webp,active
imgsrc.ru_80063289aoP.webp,photophil_ch,https://b2.cc.icdn.ru/p/photophil_ch/9/imgsrc.ru_80063289aoP.webp,2025-07-14 15:58:22,E:/Arquivos/Área de Trabalho/IMG\photophil_ch\Stefanie_8J_II\imgsrc.ru_80063289aoP.webp,active
imgsrc.ru_80075533rke.webp,photophil_ch,https://b2.cc.icdn.ru/p/photophil_ch/3/imgsrc.ru_80075533rke.webp,2025-07-14 15:58:22,E:/Arquivos/Área de Trabalho/IMG\photophil_ch\Stefanie_8J_II\imgsrc.ru_80075533rke.webp,active
imgsrc.ru_80075534gTM.webp,photophil_ch,https://b2.cc.icdn.ru/p/photophil_ch/4/imgsrc.ru_80075534gTM.webp,2025-07-14 15:58:22,E:/Arquivos/Área de Trabalho/IMG\photophil_ch\Stefanie_8J_II\imgsrc.ru_80075534gTM.webp,active
imgsrc.ru_80075535MET.webp,photophil_ch,https://b2.cc.icdn.ru/p/photophil_ch/5/imgsrc.ru_80075535MET.webp,2025-07-14 15:58:22,E:/Arquivos/Área de Trabalho/IMG\photophil_ch\Stefanie_8J_II\imgsrc.ru_80075535MET.webp,active
imgsrc.ru_80075536VDR.webp,photophil_ch,https://b2.cc.icdn.ru/p/photophil_ch/6/imgsrc.ru_80075536VDR.webp,2025-07-14 15:58:22,E:/Arquivos/Área de Trabalho/IMG\photophil_ch\Stefanie_8J_II\imgsrc.ru_80075536VDR.webp,active
imgsrc.ru_80087131LZH.webp,photophil_ch,https://b2.cc.icdn.ru/p/photophil_ch/1/imgsrc.ru_80087131LZH.webp,2025-07-14 15:58:22,E:/Arquivos/Área de Trabalho/IMG\photophil_ch\Stefanie_8J_II\imgsrc.ru_80087131LZH.webp,active
imgsrc.ru_80087132rFY.webp,photophil_ch,https://b2.cc.icdn.ru/p/photophil_ch/2/imgsrc.ru_80087132rFY.webp,2025-07-14 15:58:22,E:/Arquivos/Área de Trabalho/IMG\photophil_ch\Stefanie_8J_II\imgsrc.ru_80087132rFY.webp,active
imgsrc.ru_80087133rWh.webp,photophil_ch,https://b2.cc.icdn.ru/p/photophil_ch/3/imgsrc.ru_80087133rWh.webp,2025-07-14 15:58:22,E:/Arquivos/Área de Trabalho/IMG\photophil_ch\Stefanie_8J_II\imgsrc.ru_80087133rWh.webp,active
imgsrc.ru_80087134EyT.webp,photophil_ch,https://b2.cc.icdn.ru/p/photophil_ch/4/imgsrc.ru_80087134EyT.webp,2025-07-14 15:58:22,E:/Arquivos/Área de Trabalho/IMG\photophil_ch\Stefanie_8J_II\imgsrc.ru_80087134EyT.webp,active
imgsrc.ru_80087135iHF.webp,photophil_ch,https://b2.cc.icdn.ru/p/photophil_ch/5/imgsrc.ru_80087135iHF.webp,2025-07-14 15:58:22,E:/Arquivos/Área de Trabalho/IMG\photophil_ch\Stefanie_8J_II\imgsrc.ru_80087135iHF.webp,active
imgsrc.ru_80087136rWX.webp,photophil_ch,https://b2.cc.icdn.ru/p/photophil_ch/6/imgsrc.ru_80087136rWX.webp,2025-07-14 15:58:22,E:/Arquivos/Área de Trabalho/IMG\photophil_ch\Stefanie_8J_II\imgsrc.ru_80087136rWX.webp,active
imgsrc.ru_80087137rUL.webp,photophil_ch,https://b2.cc.icdn.ru/p/photophil_ch/7/imgsrc.ru_80087137rUL.webp,2025-07-14 15:58:22,E:/Arquivos/Área de Trabalho/IMG\photophil_ch\Stefanie_8J_II\imgsrc.ru_80087137rUL.webp,active
imgsrc.ru_80142633Bja.webp,photophil_ch,https://b2.cc.icdn.ru/p/photophil_ch/3/imgsrc.ru_80142633Bja.webp,2025-07-14 15:58:22,E:/Arquivos/Área de Trabalho/IMG\photophil_ch\Stefanie_8J_II\imgsrc.ru_80142633Bja.webp,active
imgsrc.ru_80142663Ytz.webp,photophil_ch,https://b2.cc.icdn.ru/p/photophil_ch/3/imgsrc.ru_80142663Ytz.webp,2025-07-14 15:58:22,E:/Arquivos/Área de Trabalho/IMG\photophil_ch\Stefanie_8J_II\imgsrc.ru_80142663Ytz.webp,active
imgsrc.ru_80142664FQD.webp,photophil_ch,https://b2.cc.icdn.ru/p/photophil_ch/4/imgsrc.ru_80142664FQD.webp,2025-07-14 15:58:22,E:/Arquivos/Área de Trabalho/IMG\photophil_ch\Stefanie_8J_II\imgsrc.ru_80142664FQD.webp,active
imgsrc.ru_80152691QFz.webp,photophil_ch,https://b2.cc.icdn.ru/p/photophil_ch/1/imgsrc.ru_80152691QFz.webp,2025-07-14 15:58:22,E:/Arquivos/Área de Trabalho/IMG\photophil_ch\Stefanie_8J_II\imgsrc.ru_80152691QFz.webp,active
imgsrc.ru_80152693HsR.webp,photophil_ch,https://b2.cc.icdn.ru/p/photophil_ch/3/imgsrc.ru_80152693HsR.webp,2025-07-14 15:58:22,E:/Arquivos/Área de Trabalho/IMG\photophil_ch\Stefanie_8J_II\imgsrc.ru_80152693HsR.webp,active
imgsrc.ru_80258344DiK.webp,photophil_ch,https://b2.cc.icdn.ru/p/photophil_ch/4/imgsrc.ru_80258344DiK.webp,2025-07-14 15:58:23,E:/Arquivos/Área de Trabalho/IMG\photophil_ch\Stefanie_8J_II\imgsrc.ru_80258344DiK.webp,active
imgsrc.ru_80258347hJF.webp,photophil_ch,https://b2.cc.icdn.ru/p/photophil_ch/7/imgsrc.ru_80258347hJF.webp,2025-07-14 15:58:23,E:/Arquivos/Área de Trabalho/IMG\photophil_ch\Stefanie_8J_II\imgsrc.ru_80258347hJF.webp,active
imgsrc.ru_80258349BUb.webp,photophil_ch,https://b2.cc.icdn.ru/p/photophil_ch/9/imgsrc.ru_80258349BUb.webp,2025-07-14 15:58:23,E:/Arquivos/Área de Trabalho/IMG\photophil_ch\Stefanie_8J_II\imgsrc.ru_80258349BUb.webp,active
imgsrc.ru_80333703eKk.webp,photophil_ch,https://b2.cc.icdn.ru/p/photophil_ch/3/imgsrc.ru_80333703eKk.webp,2025-07-14 15:58:23,E:/Arquivos/Área de Trabalho/IMG\photophil_ch\Stefanie_8J_II\imgsrc.ru_80333703eKk.webp,active
imgsrc.ru_80333704bhM.webp,photophil_ch,https://b2.cc.icdn.ru/p/photophil_ch/4/imgsrc.ru_80333704bhM.webp,2025-07-14 15:58:23,E:/Arquivos/Área de Trabalho/IMG\photophil_ch\Stefanie_8J_II\imgsrc.ru_80333704bhM.webp,active
imgsrc.ru_80333705NrF.webp,photophil_ch,https://b2.cc.icdn.ru/p/photophil_ch/5/imgsrc.ru_80333705NrF.webp,2025-07-14 15:58:23,E:/Arquivos/Área de Trabalho/IMG\photophil_ch\Stefanie_8J_II\imgsrc.ru_80333705NrF.webp,active
imgsrc.ru_80382146FBo.webp,photophil_ch,https://b2.cc.icdn.ru/p/photophil_ch/6/imgsrc.ru_80382146FBo.webp,2025-07-14 15:58:23,E:/Arquivos/Área de Trabalho/IMG\photophil_ch\Stefanie_8J_II\imgsrc.ru_80382146FBo.webp,active
imgsrc.ru_80382147BLD.webp,photophil_ch,https://b2.cc.icdn.ru/p/photophil_ch/7/imgsrc.ru_80382147BLD.webp,2025-07-14 15:58:23,E:/Arquivos/Área de Trabalho/IMG\photophil_ch\Stefanie_8J_II\imgsrc.ru_80382147BLD.webp,active
imgsrc.ru_80453752Dys.webp,photophil_ch,https://b2.cc.icdn.ru/p/photophil_ch/2/imgsrc.ru_80453752Dys.webp,2025-07-14 15:58:23,E:/Arquivos/Área de Trabalho/IMG\photophil_ch\Stefanie_8J_II\imgsrc.ru_80453752Dys.webp,active
imgsrc.ru_80453753yBD.webp,photophil_ch,https://b2.cc.icdn.ru/p/photophil_ch/3/imgsrc.ru_80453753yBD.webp,2025-07-14 15:58:23,E:/Arquivos/Área de Trabalho/IMG\photophil_ch\Stefanie_8J_II\imgsrc.ru_80453753yBD.webp,active
imgsrc.ru_80453754YLT.webp,photophil_ch,https://b2.cc.icdn.ru/p/photophil_ch/4/imgsrc.ru_80453754YLT.webp,2025-07-14 15:58:23,E:/Arquivos/Área de Trabalho/IMG\photophil_ch\Stefanie_8J_II\imgsrc.ru_80453754YLT.webp,active
imgsrc.ru_80463881oya.webp,photophil_ch,https://b2.cc.icdn.ru/p/photophil_ch/1/imgsrc.ru_80463881oya.webp,2025-07-14 15:58:23,E:/Arquivos/Área de Trabalho/IMG\photophil_ch\Stefanie_8J_II\imgsrc.ru_80463881oya.webp,active
imgsrc.ru_80463882Xod.webp,photophil_ch,https://b2.cc.icdn.ru/p/photophil_ch/2/imgsrc.ru_80463882Xod.webp,2025-07-14 15:58:23,E:/Arquivos/Área de Trabalho/IMG\photophil_ch\Stefanie_8J_II\imgsrc.ru_80463882Xod.webp,active
imgsrc.ru_80615938zhL.webp,photophil_ch,https://b2.cc.icdn.ru/p/photophil_ch/8/imgsrc.ru_80615938zhL.webp,2025-07-14 15:58:23,E:/Arquivos/Área de Trabalho/IMG\photophil_ch\Stefanie_8J_II\imgsrc.ru_80615938zhL.webp,active
imgsrc.ru_80843079ZtR.webp,photophil_ch,https://b2.cc.icdn.ru/p/photophil_ch/9/imgsrc.ru_80843079ZtR.webp,2025-07-14 15:58:23,E:/Arquivos/Área de Trabalho/IMG\photophil_ch\Stefanie_8J_II\imgsrc.ru_80843079ZtR.webp,active
imgsrc.ru_80843082JBN.webp,photophil_ch,https://b2.cc.icdn.ru/p/photophil_ch/2/imgsrc.ru_80843082JBN.webp,2025-07-14 15:58:23,E:/Arquivos/Área de Trabalho/IMG\photophil_ch\Stefanie_8J_II\imgsrc.ru_80843082JBN.webp,active
imgsrc.ru_80843084XNm.webp,photophil_ch,https://b2.cc.icdn.ru/p/photophil_ch/4/imgsrc.ru_80843084XNm.webp,2025-07-14 15:58:23,E:/Arquivos/Área de Trabalho/IMG\photophil_ch\Stefanie_8J_II\imgsrc.ru_80843084XNm.webp,active
imgsrc.ru_80954037YKF.webp,photophil_ch,https://b2.cc.icdn.ru/p/photophil_ch/7/imgsrc.ru_80954037YKF.webp,2025-07-14 15:58:23,E:/Arquivos/Área de Trabalho/IMG\photophil_ch\Stefanie_8J_II\imgsrc.ru_80954037YKF.webp,active
imgsrc.ru_80954038FLR.webp,photophil_ch,https://b2.cc.icdn.ru/p/photophil_ch/8/imgsrc.ru_80954038FLR.webp,2025-07-14 15:58:23,E:/Arquivos/Área de Trabalho/IMG\photophil_ch\Stefanie_8J_II\imgsrc.ru_80954038FLR.webp,active
imgsrc.ru_82114711aEV.webp,photophil_ch,https://b2.cc.icdn.ru/p/photophil_ch/1/imgsrc.ru_82114711aEV.webp,2025-07-14 15:58:23,E:/Arquivos/Área de Trabalho/IMG\photophil_ch\Stefanie_8J_II\imgsrc.ru_82114711aEV.webp,active
imgsrc.ru_82114712hak.webp,photophil_ch,https://b2.cc.icdn.ru/p/photophil_ch/2/imgsrc.ru_82114712hak.webp,2025-07-14 15:58:23,E:/Arquivos/Área de Trabalho/IMG\photophil_ch\Stefanie_8J_II\imgsrc.ru_82114712hak.webp,active
imgsrc.ru_82114713NbY.webp,photophil_ch,https://b2.cc.icdn.ru/p/photophil_ch/3/imgsrc.ru_82114713NbY.webp,2025-07-14 15:58:23,E:/Arquivos/Área de Trabalho/IMG\photophil_ch\Stefanie_8J_II\imgsrc.ru_82114713NbY.webp,active
imgsrc.ru_82203592guh.webp,photophil_ch,https://b2.cc.icdn.ru/p/photophil_ch/2/imgsrc.ru_82203592guh.webp,2025-07-14 15:58:23,E:/Arquivos/Área de Trabalho/IMG\photophil_ch\Stefanie_8J_II\imgsrc.ru_82203592guh.webp,active
imgsrc.ru_82203594LHr.webp,photophil_ch,https://b2.cc.icdn.ru/p/photophil_ch/4/imgsrc.ru_82203594LHr.webp,2025-07-14 15:58:23,E:/Arquivos/Área de Trabalho/IMG\photophil_ch\Stefanie_8J_II\imgsrc.ru_82203594LHr.webp,active
imgsrc.ru_82203595rTP.webp,photophil_ch,https://b2.cc.icdn.ru/p/photophil_ch/5/imgsrc.ru_82203595rTP.webp,2025-07-14 15:58:23,E:/Arquivos/Área de Trabalho/IMG\photophil_ch\Stefanie_8J_II\imgsrc.ru_82203595rTP.webp,active
imgsrc.ru_82263939uJv.webp,photophil_ch,https://b2.cc.icdn.ru/p/photophil_ch/9/imgsrc.ru_82263939uJv.webp,2025-07-14 15:58:23,E:/Arquivos/Área de Trabalho/IMG\photophil_ch\Stefanie_8J_II\imgsrc.ru_82263939uJv.webp,active
imgsrc.ru_82263940dUt.webp,photophil_ch,https://b2.cc.icdn.ru/p/photophil_ch/0/imgsrc.ru_82263940dUt.webp,2025-07-14 15:58:23,E:/Arquivos/Área de Trabalho/IMG\photophil_ch\Stefanie_8J_II\imgsrc.ru_82263940dUt.webp,active
imgsrc.ru_82263941oiT.webp,photophil_ch,https://b2.cc.icdn.ru/p/photophil_ch/1/imgsrc.ru_82263941oiT.webp,2025-07-14 15:58:23,E:/Arquivos/Área de Trabalho/IMG\photophil_ch\Stefanie_8J_II\imgsrc.ru_82263941oiT.webp,active
imgsrc.ru_82357772ZXR.webp,photophil_ch,https://b2.cc.icdn.ru/p/photophil_ch/2/imgsrc.ru_82357772ZXR.webp,2025-07-14 15:58:23,E:/Arquivos/Área de Trabalho/IMG\photophil_ch\Stefanie_8J_II\imgsrc.ru_82357772ZXR.webp,active
imgsrc.ru_82357775Lgm.webp,photophil_ch,https://b2.cc.icdn.ru/p/photophil_ch/5/imgsrc.ru_82357775Lgm.webp,2025-07-14 15:58:23,E:/Arquivos/Área de Trabalho/IMG\photophil_ch\Stefanie_8J_II\imgsrc.ru_82357775Lgm.webp,active
imgsrc.ru_82357778tKP.webp,photophil_ch,https://b2.cc.icdn.ru/p/photophil_ch/8/imgsrc.ru_82357778tKP.webp,2025-07-14 15:58:23,E:/Arquivos/Área de Trabalho/IMG\photophil_ch\Stefanie_8J_II\imgsrc.ru_82357778tKP.webp,active
imgsrc.ru_82430354Bhi.webp,photophil_ch,https://b2.cc.icdn.ru/p/photophil_ch/4/imgsrc.ru_82430354Bhi.webp,2025-07-14 15:58:23,E:/Arquivos/Área de Trabalho/IMG\photophil_ch\Stefanie_8J_II\imgsrc.ru_82430354Bhi.webp,active
imgsrc.ru_82430355iWk.webp,photophil_ch,https://b2.cc.icdn.ru/p/photophil_ch/5/imgsrc.ru_82430355iWk.webp,2025-07-14 15:58:23,E:/Arquivos/Área de Trabalho/IMG\photophil_ch\Stefanie_8J_II\imgsrc.ru_82430355iWk.webp,active
imgsrc.ru_82430356Rsy.webp,photophil_ch,https://b2.cc.icdn.ru/p/photophil_ch/6/imgsrc.ru_82430356Rsy.webp,2025-07-14 15:58:23,E:/Arquivos/Área de Trabalho/IMG\photophil_ch\Stefanie_8J_II\imgsrc.ru_82430356Rsy.webp,active
imgsrc.ru_82487856eaK.webp,photophil_ch,https://b2.cc.icdn.ru/p/photophil_ch/6/imgsrc.ru_82487856eaK.webp,2025-07-14 15:58:23,E:/Arquivos/Área de Trabalho/IMG\photophil_ch\Stefanie_8J_II\imgsrc.ru_82487856eaK.webp,active
imgsrc.ru_82487857Wbz.webp,photophil_ch,https://b2.cc.icdn.ru/p/photophil_ch/7/imgsrc.ru_82487857Wbz.webp,2025-07-14 15:58:23,E:/Arquivos/Área de Trabalho/IMG\photophil_ch\Stefanie_8J_II\imgsrc.ru_82487857Wbz.webp,active
imgsrc.ru_82487858VuD.webp,photophil_ch,https://b2.cc.icdn.ru/p/photophil_ch/8/imgsrc.ru_82487858VuD.webp,2025-07-14 15:58:23,E:/Arquivos/Área de Trabalho/IMG\photophil_ch\Stefanie_8J_II\imgsrc.ru_82487858VuD.webp,active
imgsrc.ru_82487861TDq.webp,photophil_ch,https://b2.cc.icdn.ru/p/photophil_ch/1/imgsrc.ru_82487861TDq.webp,2025-07-14 15:58:23,E:/Arquivos/Área de Trabalho/IMG\photophil_ch\Stefanie_8J_II\imgsrc.ru_82487861TDq.webp,active
imgsrc.ru_82549081Bto.webp,photophil_ch,https://b2.cc.icdn.ru/p/photophil_ch/1/imgsrc.ru_82549081Bto.webp,2025-07-14 15:58:23,E:/Arquivos/Área de Trabalho/IMG\photophil_ch\Stefanie_8J_II\imgsrc.ru_82549081Bto.webp,active
imgsrc.ru_82549082zBJ.webp,photophil_ch,https://b2.cc.icdn.ru/p/photophil_ch/2/imgsrc.ru_82549082zBJ.webp,2025-07-14 15:58:23,E:/Arquivos/Área de Trabalho/IMG\photophil_ch\Stefanie_8J_II\imgsrc.ru_82549082zBJ.webp,active
imgsrc.ru_82549083uvR.webp,photophil_ch,https://b2.cc.icdn.ru/p/photophil_ch/3/imgsrc.ru_82549083uvR.webp,2025-07-14 15:58:23,E:/Arquivos/Área de Trabalho/IMG\photophil_ch\Stefanie_8J_II\imgsrc.ru_82549083uvR.webp,active
imgsrc.ru_82615030gKV.webp,photophil_ch,https://b2.cc.icdn.ru/p/photophil_ch/0/imgsrc.ru_82615030gKV.webp,2025-07-14 15:58:23,E:/Arquivos/Área de Trabalho/IMG\photophil_ch\Stefanie_8J_II\imgsrc.ru_82615030gKV.webp,active
imgsrc.ru_82615031WoK.webp,photophil_ch,https://b2.cc.icdn.ru/p/photophil_ch/1/imgsrc.ru_82615031WoK.webp,2025-07-14 15:58:23,E:/Arquivos/Área de Trabalho/IMG\photophil_ch\Stefanie_8J_II\imgsrc.ru_82615031WoK.webp,active
imgsrc.ru_82668816utj.webp,photophil_ch,https://b2.cc.icdn.ru/p/photophil_ch/6/imgsrc.ru_82668816utj.webp,2025-07-14 15:58:23,E:/Arquivos/Área de Trabalho/IMG\photophil_ch\Stefanie_8J_II\imgsrc.ru_82668816utj.webp,active
imgsrc.ru_82668817PUJ.webp,photophil_ch,https://b2.cc.icdn.ru/p/photophil_ch/7/imgsrc.ru_82668817PUJ.webp,2025-07-14 15:58:23,E:/Arquivos/Área de Trabalho/IMG\photophil_ch\Stefanie_8J_II\imgsrc.ru_82668817PUJ.webp,active
imgsrc.ru_82725342TXJ.webp,photophil_ch,https://b2.cc.icdn.ru/p/photophil_ch/2/imgsrc.ru_82725342TXJ.webp,2025-07-14 15:58:23,E:/Arquivos/Área de Trabalho/IMG\photophil_ch\Stefanie_8J_II\imgsrc.ru_82725342TXJ.webp,active
imgsrc.ru_82725343EBL.webp,photophil_ch,https://b2.cc.icdn.ru/p/photophil_ch/3/imgsrc.ru_82725343EBL.webp,2025-07-14 15:58:23,E:/Arquivos/Área de Trabalho/IMG\photophil_ch\Stefanie_8J_II\imgsrc.ru_82725343EBL.webp,active
imgsrc.ru_82792616jqU.webp,photophil_ch,https://b2.cc.icdn.ru/p/photophil_ch/6/imgsrc.ru_82792616jqU.webp,2025-07-14 15:58:23,E:/Arquivos/Área de Trabalho/IMG\photophil_ch\Stefanie_8J_II\imgsrc.ru_82792616jqU.webp,active
imgsrc.ru_82792617mWN.webp,photophil_ch,https://b2.cc.icdn.ru/p/photophil_ch/7/imgsrc.ru_82792617mWN.webp,2025-07-14 15:58:23,E:/Arquivos/Área de Trabalho/IMG\photophil_ch\Stefanie_8J_II\imgsrc.ru_82792617mWN.webp,active
imgsrc.ru_82792618hXD.webp,photophil_ch,https://b2.cc.icdn.ru/p/photophil_ch/8/imgsrc.ru_82792618hXD.webp,2025-07-14 15:58:23,E:/Arquivos/Área de Trabalho/IMG\photophil_ch\Stefanie_8J_II\imgsrc.ru_82792618hXD.webp,active
imgsrc.ru_82877813tYj.webp,photophil_ch,https://b2.cc.icdn.ru/p/photophil_ch/3/imgsrc.ru_82877813tYj.webp,2025-07-14 15:58:23,E:/Arquivos/Área de Trabalho/IMG\photophil_ch\Stefanie_8J_II\imgsrc.ru_82877813tYj.webp,active
imgsrc.ru_82944802sMj.webp,photophil_ch,https://b2.cc.icdn.ru/p/photophil_ch/2/imgsrc.ru_82944802sMj.webp,2025-07-14 15:58:23,E:/Arquivos/Área de Trabalho/IMG\photophil_ch\Stefanie_8J_II\imgsrc.ru_82944802sMj.webp,active
imgsrc.ru_85069473Fuq.webp,photophil_ch,https://b2.cc.icdn.ru/p/photophil_ch/3/imgsrc.ru_85069473Fuq.webp,2025-07-14 15:58:23,E:/Arquivos/Área de Trabalho/IMG\photophil_ch\Stefanie_8J_II\imgsrc.ru_85069473Fuq.webp,active
imgsrc.ru_85069474MQj.webp,photophil_ch,https://b2.cc.icdn.ru/p/photophil_ch/4/imgsrc.ru_85069474MQj.webp,2025-07-14 15:58:23,E:/Arquivos/Área de Trabalho/IMG\photophil_ch\Stefanie_8J_II\imgsrc.ru_85069474MQj.webp,active
imgsrc.ru_85069475HWj.webp,photophil_ch,https://b2.cc.icdn.ru/p/photophil_ch/5/imgsrc.ru_85069475HWj.webp,2025-07-14 15:58:23,E:/Arquivos/Área de Trabalho/IMG\photophil_ch\Stefanie_8J_II\imgsrc.ru_85069475HWj.webp,active
imgsrc.ru_84647553zLq.webp,markalo,https://b4.cc.icdn.ru/m/markalo/3/imgsrc.ru_84647553zLq.webp,2025-07-14 15:59:13,E:/Arquivos/Área de Trabalho/IMG\markalo\Girls_world\imgsrc.ru_84647553zLq.webp,active
imgsrc.ru_84647551LgD.webp,markalo,https://b4.cc.icdn.ru/m/markalo/1/imgsrc.ru_84647551LgD.webp,2025-07-14 15:59:13,E:/Arquivos/Área de Trabalho/IMG\markalo\Girls_world\imgsrc.ru_84647551LgD.webp,active
imgsrc.ru_84647552Qbo.webp,markalo,https://b4.cc.icdn.ru/m/markalo/2/imgsrc.ru_84647552Qbo.webp,2025-07-14 15:59:13,E:/Arquivos/Área de Trabalho/IMG\markalo\Girls_world\imgsrc.ru_84647552Qbo.webp,active
imgsrc.ru_84647554VPz.webp,markalo,https://b4.cc.icdn.ru/m/markalo/4/imgsrc.ru_84647554VPz.webp,2025-07-14 15:59:13,E:/Arquivos/Área de Trabalho/IMG\markalo\Girls_world\imgsrc.ru_84647554VPz.webp,active
imgsrc.ru_84660595tmB.webp,markalo,https://b4.cc.icdn.ru/m/markalo/5/imgsrc.ru_84660595tmB.webp,2025-07-14 15:59:13,E:/Arquivos/Área de Trabalho/IMG\markalo\Girls_world\imgsrc.ru_84660595tmB.webp,active
imgsrc.ru_84660596FzT.webp,markalo,https://b4.cc.icdn.ru/m/markalo/6/imgsrc.ru_84660596FzT.webp,2025-07-14 15:59:13,E:/Arquivos/Área de Trabalho/IMG\markalo\Girls_world\imgsrc.ru_84660596FzT.webp,active
imgsrc.ru_84660597ydg.webp,markalo,https://b4.cc.icdn.ru/m/markalo/7/imgsrc.ru_84660597ydg.webp,2025-07-14 15:59:13,E:/Arquivos/Área de Trabalho/IMG\markalo\Girls_world\imgsrc.ru_84660597ydg.webp,active
imgsrc.ru_84660598ejv.webp,markalo,https://b4.cc.icdn.ru/m/markalo/8/imgsrc.ru_84660598ejv.webp,2025-07-14 15:59:13,E:/Arquivos/Área de Trabalho/IMG\markalo\Girls_world\imgsrc.ru_84660598ejv.webp,active
imgsrc.ru_84660600Qbu.webp,markalo,https://b4.cc.icdn.ru/m/markalo/0/imgsrc.ru_84660600Qbu.webp,2025-07-14 15:59:13,E:/Arquivos/Área de Trabalho/IMG\markalo\Girls_world\imgsrc.ru_84660600Qbu.webp,active
imgsrc.ru_84660601KsV.webp,markalo,https://b4.cc.icdn.ru/m/markalo/1/imgsrc.ru_84660601KsV.webp,2025-07-14 15:59:13,E:/Arquivos/Área de Trabalho/IMG\markalo\Girls_world\imgsrc.ru_84660601KsV.webp,active
imgsrc.ru_84675115dgJ.webp,markalo,https://b4.cc.icdn.ru/m/markalo/5/imgsrc.ru_84675115dgJ.webp,2025-07-14 15:59:13,E:/Arquivos/Área de Trabalho/IMG\markalo\Girls_world\imgsrc.ru_84675115dgJ.webp,active
imgsrc.ru_84675116kMN.webp,markalo,https://b4.cc.icdn.ru/m/markalo/6/imgsrc.ru_84675116kMN.webp,2025-07-14 15:59:13,E:/Arquivos/Área de Trabalho/IMG\markalo\Girls_world\imgsrc.ru_84675116kMN.webp,active
imgsrc.ru_84647562Uhd.webp,markalo,https://b4.cc.icdn.ru/m/markalo/2/imgsrc.ru_84647562Uhd.webp,2025-07-14 15:59:13,E:/Arquivos/Área de Trabalho/IMG\markalo\Girls_world\imgsrc.ru_84647562Uhd.webp,active
imgsrc.ru_84706333tLU.webp,markalo,https://b4.cc.icdn.ru/m/markalo/3/imgsrc.ru_84706333tLU.webp,2025-07-14 15:59:13,E:/Arquivos/Área de Trabalho/IMG\markalo\Girls_world\imgsrc.ru_84706333tLU.webp,active
imgsrc.ru_84707471KUk.webp,markalo,https://b4.cc.icdn.ru/m/markalo/1/imgsrc.ru_84707471KUk.webp,2025-07-14 15:59:13,E:/Arquivos/Área de Trabalho/IMG\markalo\Girls_world\imgsrc.ru_84707471KUk.webp,active
imgsrc.ru_84746454uXe.webp,markalo,https://b4.cc.icdn.ru/m/markalo/4/imgsrc.ru_84746454uXe.webp,2025-07-14 15:59:13,E:/Arquivos/Área de Trabalho/IMG\markalo\Girls_world\imgsrc.ru_84746454uXe.webp,active
imgsrc.ru_84746455uWh.webp,markalo,https://b4.cc.icdn.ru/m/markalo/5/imgsrc.ru_84746455uWh.webp,2025-07-14 15:59:13,E:/Arquivos/Área de Trabalho/IMG\markalo\Girls_world\imgsrc.ru_84746455uWh.webp,active
imgsrc.ru_84825323yuh.webp,markalo,https://b4.cc.icdn.ru/m/markalo/3/imgsrc.ru_84825323yuh.webp,2025-07-14 15:59:13,E:/Arquivos/Área de Trabalho/IMG\markalo\Girls_world\imgsrc.ru_84825323yuh.webp,active
imgsrc.ru_84825324ekU.webp,markalo,https://b4.cc.icdn.ru/m/markalo/4/imgsrc.ru_84825324ekU.webp,2025-07-14 15:59:13,E:/Arquivos/Área de Trabalho/IMG\markalo\Girls_world\imgsrc.ru_84825324ekU.webp,active
imgsrc.ru_84825325Ljs.webp,markalo,https://b4.cc.icdn.ru/m/markalo/5/imgsrc.ru_84825325Ljs.webp,2025-07-14 15:59:13,E:/Arquivos/Área de Trabalho/IMG\markalo\Girls_world\imgsrc.ru_84825325Ljs.webp,active
imgsrc.ru_84825326iYX.webp,markalo,https://b4.cc.icdn.ru/m/markalo/6/imgsrc.ru_84825326iYX.webp,2025-07-14 15:59:13,E:/Arquivos/Área de Trabalho/IMG\markalo\Girls_world\imgsrc.ru_84825326iYX.webp,active
imgsrc.ru_84834648Tgi.webp,markalo,https://b4.cc.icdn.ru/m/markalo/8/imgsrc.ru_84834648Tgi.webp,2025-07-14 15:59:13,E:/Arquivos/Área de Trabalho/IMG\markalo\Girls_world\imgsrc.ru_84834648Tgi.webp,active
imgsrc.ru_84856434Eve.webp,markalo,https://b4.cc.icdn.ru/m/markalo/4/imgsrc.ru_84856434Eve.webp,2025-07-14 15:59:13,E:/Arquivos/Área de Trabalho/IMG\markalo\Girls_world\imgsrc.ru_84856434Eve.webp,active
imgsrc.ru_84881539gvd.webp,markalo,https://b4.cc.icdn.ru/m/markalo/9/imgsrc.ru_84881539gvd.webp,2025-07-14 15:59:13,E:/Arquivos/Área de Trabalho/IMG\markalo\Girls_world\imgsrc.ru_84881539gvd.webp,active
imgsrc.ru_84892716QDd.webp,markalo,https://b4.cc.icdn.ru/m/markalo/6/imgsrc.ru_84892716QDd.webp,2025-07-14 15:59:13,E:/Arquivos/Área de Trabalho/IMG\markalo\Girls_world\imgsrc.ru_84892716QDd.webp,active
imgsrc.ru_84892717eta.webp,markalo,https://b4.cc.icdn.ru/m/markalo/7/imgsrc.ru_84892717eta.webp,2025-07-14 15:59:13,E:/Arquivos/Área de Trabalho/IMG\markalo\Girls_world\imgsrc.ru_84892717eta.webp,active
imgsrc.ru_84925678oeB.webp,markalo,https://b4.cc.icdn.ru/m/markalo/8/imgsrc.ru_84925678oeB.webp,2025-07-14 15:59:13,E:/Arquivos/Área de Trabalho/IMG\markalo\Girls_world\imgsrc.ru_84925678oeB.webp,active
imgsrc.ru_84979848BJZ.webp,markalo,https://b4.cc.icdn.ru/m/markalo/8/imgsrc.ru_84979848BJZ.webp,2025-07-14 15:59:13,E:/Arquivos/Área de Trabalho/IMG\markalo\Girls_world\imgsrc.ru_84979848BJZ.webp,active
imgsrc.ru_84992978Wzk.webp,markalo,https://b4.cc.icdn.ru/m/markalo/8/imgsrc.ru_84992978Wzk.webp,2025-07-14 15:59:13,E:/Arquivos/Área de Trabalho/IMG\markalo\Girls_world\imgsrc.ru_84992978Wzk.webp,active
imgsrc.ru_84992979NJW.webp,markalo,https://b4.cc.icdn.ru/m/markalo/9/imgsrc.ru_84992979NJW.webp,2025-07-14 15:59:13,E:/Arquivos/Área de Trabalho/IMG\markalo\Girls_world\imgsrc.ru_84992979NJW.webp,active
imgsrc.ru_85012628zZN.webp,markalo,https://b4.cc.icdn.ru/m/markalo/8/imgsrc.ru_85012628zZN.webp,2025-07-14 15:59:13,E:/Arquivos/Área de Trabalho/IMG\markalo\Girls_world\imgsrc.ru_85012628zZN.webp,active
imgsrc.ru_85016409aKR.webp,markalo,https://b4.cc.icdn.ru/m/markalo/9/imgsrc.ru_85016409aKR.webp,2025-07-14 15:59:13,E:/Arquivos/Área de Trabalho/IMG\markalo\Girls_world\imgsrc.ru_85016409aKR.webp,active
imgsrc.ru_85069432bQH.webp,markalo,https://b4.cc.icdn.ru/m/markalo/2/imgsrc.ru_85069432bQH.webp,2025-07-14 15:59:13,E:/Arquivos/Área de Trabalho/IMG\markalo\Girls_world\imgsrc.ru_85069432bQH.webp,active
imgsrc.ru_85073952utE.webp,markalo,https://b4.cc.icdn.ru/m/markalo/2/imgsrc.ru_85073952utE.webp,2025-07-14 15:59:13,E:/Arquivos/Área de Trabalho/IMG\markalo\Girls_world\imgsrc.ru_85073952utE.webp,active
imgsrc.ru_85076504iVF.webp,markalo,https://b4.cc.icdn.ru/m/markalo/4/imgsrc.ru_85076504iVF.webp,2025-07-14 15:59:13,E:/Arquivos/Área de Trabalho/IMG\markalo\Girls_world\imgsrc.ru_85076504iVF.webp,active
imgsrc.ru_85076513Htu.webp,markalo,https://b4.cc.icdn.ru/m/markalo/3/imgsrc.ru_85076513Htu.webp,2025-07-14 15:59:13,E:/Arquivos/Área de Trabalho/IMG\markalo\Girls_world\imgsrc.ru_85076513Htu.webp,active
imgsrc.ru_84373206dTz.webp,bigdick93,https://b4.cc.icdn.ru/b/bigdick93/6/imgsrc.ru_84373206dTz.webp,2025-07-14 16:23:40,E:/Arquivos/Área de Trabalho/IMG\bigdick93\Anfisa\imgsrc.ru_84373206dTz.webp,active
imgsrc.ru_84373207LKP.webp,bigdick93,https://b4.cc.icdn.ru/b/bigdick93/7/imgsrc.ru_84373207LKP.webp,2025-07-14 16:23:40,E:/Arquivos/Área de Trabalho/IMG\bigdick93\Anfisa\imgsrc.ru_84373207LKP.webp,active
imgsrc.ru_84373208FMZ.webp,bigdick93,https://b4.cc.icdn.ru/b/bigdick93/8/imgsrc.ru_84373208FMZ.webp,2025-07-14 16:23:40,E:/Arquivos/Área de Trabalho/IMG\bigdick93\Anfisa\imgsrc.ru_84373208FMZ.webp,active
imgsrc.ru_84373209XLH.webp,bigdick93,https://b4.cc.icdn.ru/b/bigdick93/9/imgsrc.ru_84373209XLH.webp,2025-07-14 16:23:40,E:/Arquivos/Área de Trabalho/IMG\bigdick93\Anfisa\imgsrc.ru_84373209XLH.webp,active
imgsrc.ru_84373210mUb.webp,bigdick93,https://b4.cc.icdn.ru/b/bigdick93/0/imgsrc.ru_84373210mUb.webp,2025-07-14 16:23:40,E:/Arquivos/Área de Trabalho/IMG\bigdick93\Anfisa\imgsrc.ru_84373210mUb.webp,active
imgsrc.ru_84373211Pgr.webp,bigdick93,https://b4.cc.icdn.ru/b/bigdick93/1/imgsrc.ru_84373211Pgr.webp,2025-07-14 16:23:40,E:/Arquivos/Área de Trabalho/IMG\bigdick93\Anfisa\imgsrc.ru_84373211Pgr.webp,active
imgsrc.ru_84579080JXr.webp,bigdick93,https://b4.cc.icdn.ru/b/bigdick93/0/imgsrc.ru_84579080JXr.webp,2025-07-14 16:23:40,E:/Arquivos/Área de Trabalho/IMG\bigdick93\Anfisa\imgsrc.ru_84579080JXr.webp,active
imgsrc.ru_84579081MaK.webp,bigdick93,https://b4.cc.icdn.ru/b/bigdick93/1/imgsrc.ru_84579081MaK.webp,2025-07-14 16:23:40,E:/Arquivos/Área de Trabalho/IMG\bigdick93\Anfisa\imgsrc.ru_84579081MaK.webp,active
imgsrc.ru_84579082RJK.webp,bigdick93,https://b4.cc.icdn.ru/b/bigdick93/2/imgsrc.ru_84579082RJK.webp,2025-07-14 16:23:40,E:/Arquivos/Área de Trabalho/IMG\bigdick93\Anfisa\imgsrc.ru_84579082RJK.webp,active
imgsrc.ru_84579083reJ.webp,bigdick93,https://b4.cc.icdn.ru/b/bigdick93/3/imgsrc.ru_84579083reJ.webp,2025-07-14 16:23:40,E:/Arquivos/Área de Trabalho/IMG\bigdick93\Anfisa\imgsrc.ru_84579083reJ.webp,active
imgsrc.ru_84579084FqV.webp,bigdick93,https://b4.cc.icdn.ru/b/bigdick93/4/imgsrc.ru_84579084FqV.webp,2025-07-14 16:23:40,E:/Arquivos/Área de Trabalho/IMG\bigdick93\Anfisa\imgsrc.ru_84579084FqV.webp,active
imgsrc.ru_84579085XmT.webp,bigdick93,https://b4.cc.icdn.ru/b/bigdick93/5/imgsrc.ru_84579085XmT.webp,2025-07-14 16:23:40,E:/Arquivos/Área de Trabalho/IMG\bigdick93\Anfisa\imgsrc.ru_84579085XmT.webp,active
imgsrc.ru_84579086Bog.webp,bigdick93,https://b4.cc.icdn.ru/b/bigdick93/6/imgsrc.ru_84579086Bog.webp,2025-07-14 16:23:40,E:/Arquivos/Área de Trabalho/IMG\bigdick93\Anfisa\imgsrc.ru_84579086Bog.webp,active
imgsrc.ru_84579087mzF.webp,bigdick93,https://b4.cc.icdn.ru/b/bigdick93/7/imgsrc.ru_84579087mzF.webp,2025-07-14 16:23:40,E:/Arquivos/Área de Trabalho/IMG\bigdick93\Anfisa\imgsrc.ru_84579087mzF.webp,active
imgsrc.ru_84579088Zie.webp,bigdick93,https://b4.cc.icdn.ru/b/bigdick93/8/imgsrc.ru_84579088Zie.webp,2025-07-14 16:23:40,E:/Arquivos/Área de Trabalho/IMG\bigdick93\Anfisa\imgsrc.ru_84579088Zie.webp,active
imgsrc.ru_84579089LNq.webp,bigdick93,https://b4.cc.icdn.ru/b/bigdick93/9/imgsrc.ru_84579089LNq.webp,2025-07-14 16:23:40,E:/Arquivos/Área de Trabalho/IMG\bigdick93\Anfisa\imgsrc.ru_84579089LNq.webp,active
imgsrc.ru_84579090Jqg.webp,bigdick93,https://b4.cc.icdn.ru/b/bigdick93/0/imgsrc.ru_84579090Jqg.webp,2025-07-14 16:23:40,E:/Arquivos/Área de Trabalho/IMG\bigdick93\Anfisa\imgsrc.ru_84579090Jqg.webp,active
imgsrc.ru_84579091YHT.webp,bigdick93,https://b4.cc.icdn.ru/b/bigdick93/1/imgsrc.ru_84579091YHT.webp,2025-07-14 16:23:40,E:/Arquivos/Área de Trabalho/IMG\bigdick93\Anfisa\imgsrc.ru_84579091YHT.webp,active
imgsrc.ru_84579092eBH.webp,bigdick93,https://b4.cc.icdn.ru/b/bigdick93/2/imgsrc.ru_84579092eBH.webp,2025-07-14 16:23:40,E:/Arquivos/Área de Trabalho/IMG\bigdick93\Anfisa\imgsrc.ru_84579092eBH.webp,active
imgsrc.ru_84579093qBs.webp,bigdick93,https://b4.cc.icdn.ru/b/bigdick93/3/imgsrc.ru_84579093qBs.webp,2025-07-14 16:23:40,E:/Arquivos/Área de Trabalho/IMG\bigdick93\Anfisa\imgsrc.ru_84579093qBs.webp,active
imgsrc.ru_84579094NDr.webp,bigdick93,https://b4.cc.icdn.ru/b/bigdick93/4/imgsrc.ru_84579094NDr.webp,2025-07-14 16:23:40,E:/Arquivos/Área de Trabalho/IMG\bigdick93\Anfisa\imgsrc.ru_84579094NDr.webp,active
imgsrc.ru_84579095Emv.webp,bigdick93,https://b4.cc.icdn.ru/b/bigdick93/5/imgsrc.ru_84579095Emv.webp,2025-07-14 16:23:40,E:/Arquivos/Área de Trabalho/IMG\bigdick93\Anfisa\imgsrc.ru_84579095Emv.webp,active
imgsrc.ru_84579096yqX.webp,bigdick93,https://b4.cc.icdn.ru/b/bigdick93/6/imgsrc.ru_84579096yqX.webp,2025-07-14 16:23:40,E:/Arquivos/Área de Trabalho/IMG\bigdick93\Anfisa\imgsrc.ru_84579096yqX.webp,active
imgsrc.ru_84579097KhF.webp,bigdick93,https://b4.cc.icdn.ru/b/bigdick93/7/imgsrc.ru_84579097KhF.webp,2025-07-14 16:23:40,E:/Arquivos/Área de Trabalho/IMG\bigdick93\Anfisa\imgsrc.ru_84579097KhF.webp,active
imgsrc.ru_84579098ezN.webp,bigdick93,https://b4.cc.icdn.ru/b/bigdick93/8/imgsrc.ru_84579098ezN.webp,2025-07-14 16:23:40,E:/Arquivos/Área de Trabalho/IMG\bigdick93\Anfisa\imgsrc.ru_84579098ezN.webp,active
imgsrc.ru_84579099VKk.webp,bigdick93,https://b4.cc.icdn.ru/b/bigdick93/9/imgsrc.ru_84579099VKk.webp,2025-07-14 16:23:40,E:/Arquivos/Área de Trabalho/IMG\bigdick93\Anfisa\imgsrc.ru_84579099VKk.webp,active
imgsrc.ru_84579100WJT.webp,bigdick93,https://b4.cc.icdn.ru/b/bigdick93/0/imgsrc.ru_84579100WJT.webp,2025-07-14 16:23:40,E:/Arquivos/Área de Trabalho/IMG\bigdick93\Anfisa\imgsrc.ru_84579100WJT.webp,active
imgsrc.ru_84579101UmM.webp,bigdick93,https://b4.cc.icdn.ru/b/bigdick93/1/imgsrc.ru_84579101UmM.webp,2025-07-14 16:23:40,E:/Arquivos/Área de Trabalho/IMG\bigdick93\Anfisa\imgsrc.ru_84579101UmM.webp,active
imgsrc.ru_84579102PgV.webp,bigdick93,https://b4.cc.icdn.ru/b/bigdick93/2/imgsrc.ru_84579102PgV.webp,2025-07-14 16:23:40,E:/Arquivos/Área de Trabalho/IMG\bigdick93\Anfisa\imgsrc.ru_84579102PgV.webp,active
imgsrc.ru_84579103tzQ.webp,bigdick93,https://b4.cc.icdn.ru/b/bigdick93/3/imgsrc.ru_84579103tzQ.webp,2025-07-14 16:23:40,E:/Arquivos/Área de Trabalho/IMG\bigdick93\Anfisa\imgsrc.ru_84579103tzQ.webp,active
imgsrc.ru_84579105jPZ.webp,bigdick93,https://b4.cc.icdn.ru/b/bigdick93/5/imgsrc.ru_84579105jPZ.webp,2025-07-14 16:23:40,E:/Arquivos/Área de Trabalho/IMG\bigdick93\Anfisa\imgsrc.ru_84579105jPZ.webp,active
imgsrc.ru_84579106Rmu.webp,bigdick93,https://b4.cc.icdn.ru/b/bigdick93/6/imgsrc.ru_84579106Rmu.webp,2025-07-14 16:23:40,E:/Arquivos/Área de Trabalho/IMG\bigdick93\Anfisa\imgsrc.ru_84579106Rmu.webp,active
imgsrc.ru_84579107mqL.webp,bigdick93,https://b4.cc.icdn.ru/b/bigdick93/7/imgsrc.ru_84579107mqL.webp,2025-07-14 16:23:40,E:/Arquivos/Área de Trabalho/IMG\bigdick93\Anfisa\imgsrc.ru_84579107mqL.webp,active
imgsrc.ru_84579108aBD.webp,bigdick93,https://b4.cc.icdn.ru/b/bigdick93/8/imgsrc.ru_84579108aBD.webp,2025-07-14 16:23:40,E:/Arquivos/Área de Trabalho/IMG\bigdick93\Anfisa\imgsrc.ru_84579108aBD.webp,active
imgsrc.ru_84579109Jgi.webp,bigdick93,https://b4.cc.icdn.ru/b/bigdick93/9/imgsrc.ru_84579109Jgi.webp,2025-07-14 16:23:40,E:/Arquivos/Área de Trabalho/IMG\bigdick93\Anfisa\imgsrc.ru_84579109Jgi.webp,active
imgsrc.ru_84579110Uks.webp,bigdick93,https://b4.cc.icdn.ru/b/bigdick93/0/imgsrc.ru_84579110Uks.webp,2025-07-14 16:23:40,E:/Arquivos/Área de Trabalho/IMG\bigdick93\Anfisa\imgsrc.ru_84579110Uks.webp,active
imgsrc.ru_84579111JEr.webp,bigdick93,https://b4.cc.icdn.ru/b/bigdick93/1/imgsrc.ru_84579111JEr.webp,2025-07-14 16:23:40,E:/Arquivos/Área de Trabalho/IMG\bigdick93\Anfisa\imgsrc.ru_84579111JEr.webp,active
imgsrc.ru_84579122msb.webp,bigdick93,https://b4.cc.icdn.ru/b/bigdick93/2/imgsrc.ru_84579122msb.webp,2025-07-14 16:23:40,E:/Arquivos/Área de Trabalho/IMG\bigdick93\Anfisa\imgsrc.ru_84579122msb.webp,active
imgsrc.ru_84583699Qaz.webp,bigdick93,https://b4.cc.icdn.ru/b/bigdick93/9/imgsrc.ru_84583699Qaz.webp,2025-07-14 16:23:40,E:/Arquivos/Área de Trabalho/IMG\bigdick93\Anfisa\imgsrc.ru_84583699Qaz.webp,active
imgsrc.ru_84583700zdL.webp,bigdick93,https://b4.cc.icdn.ru/b/bigdick93/0/imgsrc.ru_84583700zdL.webp,2025-07-14 16:23:40,E:/Arquivos/Área de Trabalho/IMG\bigdick93\Anfisa\imgsrc.ru_84583700zdL.webp,active
imgsrc.ru_84583701FsJ.webp,bigdick93,https://b4.cc.icdn.ru/b/bigdick93/1/imgsrc.ru_84583701FsJ.webp,2025-07-14 16:23:40,E:/Arquivos/Área de Trabalho/IMG\bigdick93\Anfisa\imgsrc.ru_84583701FsJ.webp,active
imgsrc.ru_84583702Jvu.webp,bigdick93,https://b4.cc.icdn.ru/b/bigdick93/2/imgsrc.ru_84583702Jvu.webp,2025-07-14 16:23:40,E:/Arquivos/Área de Trabalho/IMG\bigdick93\Anfisa\imgsrc.ru_84583702Jvu.webp,active
imgsrc.ru_84583703ZkN.webp,bigdick93,https://b4.cc.icdn.ru/b/bigdick93/3/imgsrc.ru_84583703ZkN.webp,2025-07-14 16:23:40,E:/Arquivos/Área de Trabalho/IMG\bigdick93\Anfisa\imgsrc.ru_84583703ZkN.webp,active
imgsrc.ru_84585178tLM.webp,bigdick93,https://b4.cc.icdn.ru/b/bigdick93/8/imgsrc.ru_84585178tLM.webp,2025-07-14 16:23:40,E:/Arquivos/Área de Trabalho/IMG\bigdick93\Anfisa\imgsrc.ru_84585178tLM.webp,active
imgsrc.ru_84585179LTK.webp,bigdick93,https://b4.cc.icdn.ru/b/bigdick93/9/imgsrc.ru_84585179LTK.webp,2025-07-14 16:23:40,E:/Arquivos/Área de Trabalho/IMG\bigdick93\Anfisa\imgsrc.ru_84585179LTK.webp,active
imgsrc.ru_84585180DMg.webp,bigdick93,https://b4.cc.icdn.ru/b/bigdick93/0/imgsrc.ru_84585180DMg.webp,2025-07-14 16:23:40,E:/Arquivos/Área de Trabalho/IMG\bigdick93\Anfisa\imgsrc.ru_84585180DMg.webp,active
imgsrc.ru_84585181vmg.webp,bigdick93,https://b4.cc.icdn.ru/b/bigdick93/1/imgsrc.ru_84585181vmg.webp,2025-07-14 16:23:40,E:/Arquivos/Área de Trabalho/IMG\bigdick93\Anfisa\imgsrc.ru_84585181vmg.webp,active
imgsrc.ru_84585182UQV.webp,bigdick93,https://b4.cc.icdn.ru/b/bigdick93/2/imgsrc.ru_84585182UQV.webp,2025-07-14 16:23:40,E:/Arquivos/Área de Trabalho/IMG\bigdick93\Anfisa\imgsrc.ru_84585182UQV.webp,active
imgsrc.ru_84585183PRT.webp,bigdick93,https://b4.cc.icdn.ru/b/bigdick93/3/imgsrc.ru_84585183PRT.webp,2025-07-14 16:23:40,E:/Arquivos/Área de Trabalho/IMG\bigdick93\Anfisa\imgsrc.ru_84585183PRT.webp,active
imgsrc.ru_84585184oWi.webp,bigdick93,https://b4.cc.icdn.ru/b/bigdick93/4/imgsrc.ru_84585184oWi.webp,2025-07-14 16:23:40,E:/Arquivos/Área de Trabalho/IMG\bigdick93\Anfisa\imgsrc.ru_84585184oWi.webp,active
imgsrc.ru_84585185Bdg.webp,bigdick93,https://b4.cc.icdn.ru/b/bigdick93/5/imgsrc.ru_84585185Bdg.webp,2025-07-14 16:23:40,E:/Arquivos/Área de Trabalho/IMG\bigdick93\Anfisa\imgsrc.ru_84585185Bdg.webp,active
imgsrc.ru_84585186YLb.webp,bigdick93,https://b4.cc.icdn.ru/b/bigdick93/6/imgsrc.ru_84585186YLb.webp,2025-07-14 16:23:40,E:/Arquivos/Área de Trabalho/IMG\bigdick93\Anfisa\imgsrc.ru_84585186YLb.webp,active
imgsrc.ru_84585187Nat.webp,bigdick93,https://b4.cc.icdn.ru/b/bigdick93/7/imgsrc.ru_84585187Nat.webp,2025-07-14 16:23:40,E:/Arquivos/Área de Trabalho/IMG\bigdick93\Anfisa\imgsrc.ru_84585187Nat.webp,active
imgsrc.ru_84662861DzH.webp,bigdick93,https://b4.cc.icdn.ru/b/bigdick93/1/imgsrc.ru_84662861DzH.webp,2025-07-14 16:23:40,E:/Arquivos/Área de Trabalho/IMG\bigdick93\Anfisa\imgsrc.ru_84662861DzH.webp,active
imgsrc.ru_84662862oek.webp,bigdick93,https://b4.cc.icdn.ru/b/bigdick93/2/imgsrc.ru_84662862oek.webp,2025-07-14 16:23:40,E:/Arquivos/Área de Trabalho/IMG\bigdick93\Anfisa\imgsrc.ru_84662862oek.webp,active
imgsrc.ru_84662863JHQ.webp,bigdick93,https://b4.cc.icdn.ru/b/bigdick93/3/imgsrc.ru_84662863JHQ.webp,2025-07-14 16:23:40,E:/Arquivos/Área de Trabalho/IMG\bigdick93\Anfisa\imgsrc.ru_84662863JHQ.webp,active
imgsrc.ru_84662868RDz.webp,bigdick93,https://b4.cc.icdn.ru/b/bigdick93/8/imgsrc.ru_84662868RDz.webp,2025-07-14 16:23:40,E:/Arquivos/Área de Trabalho/IMG\bigdick93\Anfisa\imgsrc.ru_84662868RDz.webp,active
imgsrc.ru_84820535aqU.webp,bigdick93,https://b4.cc.icdn.ru/b/bigdick93/5/imgsrc.ru_84820535aqU.webp,2025-07-14 16:23:40,E:/Arquivos/Área de Trabalho/IMG\bigdick93\Anfisa\imgsrc.ru_84820535aqU.webp,active
imgsrc.ru_84820536PVQ.webp,bigdick93,https://b4.cc.icdn.ru/b/bigdick93/6/imgsrc.ru_84820536PVQ.webp,2025-07-14 16:23:40,E:/Arquivos/Área de Trabalho/IMG\bigdick93\Anfisa\imgsrc.ru_84820536PVQ.webp,active
imgsrc.ru_84820537RBV.webp,bigdick93,https://b4.cc.icdn.ru/b/bigdick93/7/imgsrc.ru_84820537RBV.webp,2025-07-14 16:23:40,E:/Arquivos/Área de Trabalho/IMG\bigdick93\Anfisa\imgsrc.ru_84820537RBV.webp,active
imgsrc.ru_84820538UKu.webp,bigdick93,https://b4.cc.icdn.ru/b/bigdick93/8/imgsrc.ru_84820538UKu.webp,2025-07-14 16:23:40,E:/Arquivos/Área de Trabalho/IMG\bigdick93\Anfisa\imgsrc.ru_84820538UKu.webp,active
imgsrc.ru_84820539sLb.webp,bigdick93,https://b4.cc.icdn.ru/b/bigdick93/9/imgsrc.ru_84820539sLb.webp,2025-07-14 16:23:40,E:/Arquivos/Área de Trabalho/IMG\bigdick93\Anfisa\imgsrc.ru_84820539sLb.webp,active
imgsrc.ru_84820540zgi.webp,bigdick93,https://b4.cc.icdn.ru/b/bigdick93/0/imgsrc.ru_84820540zgi.webp,2025-07-14 16:23:40,E:/Arquivos/Área de Trabalho/IMG\bigdick93\Anfisa\imgsrc.ru_84820540zgi.webp,active
imgsrc.ru_84820541eMY.webp,bigdick93,https://b4.cc.icdn.ru/b/bigdick93/1/imgsrc.ru_84820541eMY.webp,2025-07-14 16:23:40,E:/Arquivos/Área de Trabalho/IMG\bigdick93\Anfisa\imgsrc.ru_84820541eMY.webp,active
imgsrc.ru_84820542mUk.webp,bigdick93,https://b4.cc.icdn.ru/b/bigdick93/2/imgsrc.ru_84820542mUk.webp,2025-07-14 16:23:40,E:/Arquivos/Área de Trabalho/IMG\bigdick93\Anfisa\imgsrc.ru_84820542mUk.webp,active
imgsrc.ru_84820543RLP.webp,bigdick93,https://b4.cc.icdn.ru/b/bigdick93/3/imgsrc.ru_84820543RLP.webp,2025-07-14 16:23:40,E:/Arquivos/Área de Trabalho/IMG\bigdick93\Anfisa\imgsrc.ru_84820543RLP.webp,active
imgsrc.ru_84820544UEe.webp,bigdick93,https://b4.cc.icdn.ru/b/bigdick93/4/imgsrc.ru_84820544UEe.webp,2025-07-14 16:23:40,E:/Arquivos/Área de Trabalho/IMG\bigdick93\Anfisa\imgsrc.ru_84820544UEe.webp,active
imgsrc.ru_84820545oFQ.webp,bigdick93,https://b4.cc.icdn.ru/b/bigdick93/5/imgsrc.ru_84820545oFQ.webp,2025-07-14 16:23:40,E:/Arquivos/Área de Trabalho/IMG\bigdick93\Anfisa\imgsrc.ru_84820545oFQ.webp,active
imgsrc.ru_84820547ahz.webp,bigdick93,https://b4.cc.icdn.ru/b/bigdick93/7/imgsrc.ru_84820547ahz.webp,2025-07-14 16:23:40,E:/Arquivos/Área de Trabalho/IMG\bigdick93\Anfisa\imgsrc.ru_84820547ahz.webp,active
imgsrc.ru_84820549vXV.webp,bigdick93,https://b4.cc.icdn.ru/b/bigdick93/9/imgsrc.ru_84820549vXV.webp,2025-07-14 16:23:40,E:/Arquivos/Área de Trabalho/IMG\bigdick93\Anfisa\imgsrc.ru_84820549vXV.webp,active
imgsrc.ru_84820550DyM.webp,bigdick93,https://b4.cc.icdn.ru/b/bigdick93/0/imgsrc.ru_84820550DyM.webp,2025-07-14 16:23:40,E:/Arquivos/Área de Trabalho/IMG\bigdick93\Anfisa\imgsrc.ru_84820550DyM.webp,active
imgsrc.ru_84820551KRj.webp,bigdick93,https://b4.cc.icdn.ru/b/bigdick93/1/imgsrc.ru_84820551KRj.webp,2025-07-14 16:23:40,E:/Arquivos/Área de Trabalho/IMG\bigdick93\Anfisa\imgsrc.ru_84820551KRj.webp,active
imgsrc.ru_84820552dWi.webp,bigdick93,https://b4.cc.icdn.ru/b/bigdick93/2/imgsrc.ru_84820552dWi.webp,2025-07-14 16:23:40,E:/Arquivos/Área de Trabalho/IMG\bigdick93\Anfisa\imgsrc.ru_84820552dWi.webp,active
imgsrc.ru_84820680BKa.webp,bigdick93,https://b4.cc.icdn.ru/b/bigdick93/0/imgsrc.ru_84820680BKa.webp,2025-07-14 16:23:40,E:/Arquivos/Área de Trabalho/IMG\bigdick93\Anfisa\imgsrc.ru_84820680BKa.webp,active
imgsrc.ru_84820682sJH.webp,bigdick93,https://b4.cc.icdn.ru/b/bigdick93/2/imgsrc.ru_84820682sJH.webp,2025-07-14 16:23:40,E:/Arquivos/Área de Trabalho/IMG\bigdick93\Anfisa\imgsrc.ru_84820682sJH.webp,active
imgsrc.ru_84820685byd.webp,bigdick93,https://b4.cc.icdn.ru/b/bigdick93/5/imgsrc.ru_84820685byd.webp,2025-07-14 16:23:40,E:/Arquivos/Área de Trabalho/IMG\bigdick93\Anfisa\imgsrc.ru_84820685byd.webp,active
imgsrc.ru_84820686ZPq.webp,bigdick93,https://b4.cc.icdn.ru/b/bigdick93/6/imgsrc.ru_84820686ZPq.webp,2025-07-14 16:23:40,E:/Arquivos/Área de Trabalho/IMG\bigdick93\Anfisa\imgsrc.ru_84820686ZPq.webp,active
imgsrc.ru_84820687hrW.webp,bigdick93,https://b4.cc.icdn.ru/b/bigdick93/7/imgsrc.ru_84820687hrW.webp,2025-07-14 16:23:40,E:/Arquivos/Área de Trabalho/IMG\bigdick93\Anfisa\imgsrc.ru_84820687hrW.webp,active
imgsrc.ru_84820689uBv.webp,bigdick93,https://b4.cc.icdn.ru/b/bigdick93/9/imgsrc.ru_84820689uBv.webp,2025-07-14 16:23:41,E:/Arquivos/Área de Trabalho/IMG\bigdick93\Anfisa\imgsrc.ru_84820689uBv.webp,active
imgsrc.ru_84820690TQj.webp,bigdick93,https://b4.cc.icdn.ru/b/bigdick93/0/imgsrc.ru_84820690TQj.webp,2025-07-14 16:23:41,E:/Arquivos/Área de Trabalho/IMG\bigdick93\Anfisa\imgsrc.ru_84820690TQj.webp,active
imgsrc.ru_84820691zQy.webp,bigdick93,https://b4.cc.icdn.ru/b/bigdick93/1/imgsrc.ru_84820691zQy.webp,2025-07-14 16:23:41,E:/Arquivos/Área de Trabalho/IMG\bigdick93\Anfisa\imgsrc.ru_84820691zQy.webp,active
imgsrc.ru_84820692dKq.webp,bigdick93,https://b4.cc.icdn.ru/b/bigdick93/2/imgsrc.ru_84820692dKq.webp,2025-07-14 16:23:41,E:/Arquivos/Área de Trabalho/IMG\bigdick93\Anfisa\imgsrc.ru_84820692dKq.webp,active
imgsrc.ru_84820693ejy.webp,bigdick93,https://b4.cc.icdn.ru/b/bigdick93/3/imgsrc.ru_84820693ejy.webp,2025-07-14 16:23:41,E:/Arquivos/Área de Trabalho/IMG\bigdick93\Anfisa\imgsrc.ru_84820693ejy.webp,active
imgsrc.ru_84820694tVs.webp,bigdick93,https://b4.cc.icdn.ru/b/bigdick93/4/imgsrc.ru_84820694tVs.webp,2025-07-14 16:23:41,E:/Arquivos/Área de Trabalho/IMG\bigdick93\Anfisa\imgsrc.ru_84820694tVs.webp,active
imgsrc.ru_84820695aBU.webp,bigdick93,https://b4.cc.icdn.ru/b/bigdick93/5/imgsrc.ru_84820695aBU.webp,2025-07-14 16:23:41,E:/Arquivos/Área de Trabalho/IMG\bigdick93\Anfisa\imgsrc.ru_84820695aBU.webp,active
imgsrc.ru_84820696TeM.webp,bigdick93,https://b4.cc.icdn.ru/b/bigdick93/6/imgsrc.ru_84820696TeM.webp,2025-07-14 16:23:41,E:/Arquivos/Área de Trabalho/IMG\bigdick93\Anfisa\imgsrc.ru_84820696TeM.webp,active
imgsrc.ru_84820697sTY.webp,bigdick93,https://b4.cc.icdn.ru/b/bigdick93/7/imgsrc.ru_84820697sTY.webp,2025-07-14 16:23:41,E:/Arquivos/Área de Trabalho/IMG\bigdick93\Anfisa\imgsrc.ru_84820697sTY.webp,active
imgsrc.ru_84820718MZU.webp,bigdick93,https://b4.cc.icdn.ru/b/bigdick93/8/imgsrc.ru_84820718MZU.webp,2025-07-14 16:23:41,E:/Arquivos/Área de Trabalho/IMG\bigdick93\Anfisa\imgsrc.ru_84820718MZU.webp,active
imgsrc.ru_84820719yLP.webp,bigdick93,https://b4.cc.icdn.ru/b/bigdick93/9/imgsrc.ru_84820719yLP.webp,2025-07-14 16:23:41,E:/Arquivos/Área de Trabalho/IMG\bigdick93\Anfisa\imgsrc.ru_84820719yLP.webp,active
imgsrc.ru_84820720Yyg.webp,bigdick93,https://b4.cc.icdn.ru/b/bigdick93/0/imgsrc.ru_84820720Yyg.webp,2025-07-14 16:23:41,E:/Arquivos/Área de Trabalho/IMG\bigdick93\Anfisa\imgsrc.ru_84820720Yyg.webp,active
imgsrc.ru_84820721BJM.webp,bigdick93,https://b4.cc.icdn.ru/b/bigdick93/1/imgsrc.ru_84820721BJM.webp,2025-07-14 16:23:41,E:/Arquivos/Área de Trabalho/IMG\bigdick93\Anfisa\imgsrc.ru_84820721BJM.webp,active
imgsrc.ru_84868738Dsi.webp,bigdick93,https://b4.cc.icdn.ru/b/bigdick93/8/imgsrc.ru_84868738Dsi.webp,2025-07-14 16:23:41,E:/Arquivos/Área de Trabalho/IMG\bigdick93\Anfisa\imgsrc.ru_84868738Dsi.webp,active
imgsrc.ru_84868739Qve.webp,bigdick93,https://b4.cc.icdn.ru/b/bigdick93/9/imgsrc.ru_84868739Qve.webp,2025-07-14 16:23:41,E:/Arquivos/Área de Trabalho/IMG\bigdick93\Anfisa\imgsrc.ru_84868739Qve.webp,active
imgsrc.ru_84868741uQN.webp,bigdick93,https://b4.cc.icdn.ru/b/bigdick93/1/imgsrc.ru_84868741uQN.webp,2025-07-14 16:23:41,E:/Arquivos/Área de Trabalho/IMG\bigdick93\Anfisa\imgsrc.ru_84868741uQN.webp,active
imgsrc.ru_84868742FzK.webp,bigdick93,https://b4.cc.icdn.ru/b/bigdick93/2/imgsrc.ru_84868742FzK.webp,2025-07-14 16:23:41,E:/Arquivos/Área de Trabalho/IMG\bigdick93\Anfisa\imgsrc.ru_84868742FzK.webp,active
imgsrc.ru_84868743Bzq.webp,bigdick93,https://b4.cc.icdn.ru/b/bigdick93/3/imgsrc.ru_84868743Bzq.webp,2025-07-14 16:23:41,E:/Arquivos/Área de Trabalho/IMG\bigdick93\Anfisa\imgsrc.ru_84868743Bzq.webp,active
imgsrc.ru_84868744dbJ.webp,bigdick93,https://b4.cc.icdn.ru/b/bigdick93/4/imgsrc.ru_84868744dbJ.webp,2025-07-14 16:23:41,E:/Arquivos/Área de Trabalho/IMG\bigdick93\Anfisa\imgsrc.ru_84868744dbJ.webp,active
imgsrc.ru_84868745eNh.webp,bigdick93,https://b4.cc.icdn.ru/b/bigdick93/5/imgsrc.ru_84868745eNh.webp,2025-07-14 16:23:41,E:/Arquivos/Área de Trabalho/IMG\bigdick93\Anfisa\imgsrc.ru_84868745eNh.webp,active
imgsrc.ru_84868746MLH.webp,bigdick93,https://b4.cc.icdn.ru/b/bigdick93/6/imgsrc.ru_84868746MLH.webp,2025-07-14 16:23:41,E:/Arquivos/Área de Trabalho/IMG\bigdick93\Anfisa\imgsrc.ru_84868746MLH.webp,active
imgsrc.ru_84868748HVi.webp,bigdick93,https://b4.cc.icdn.ru/b/bigdick93/8/imgsrc.ru_84868748HVi.webp,2025-07-14 16:23:41,E:/Arquivos/Área de Trabalho/IMG\bigdick93\Anfisa\imgsrc.ru_84868748HVi.webp,active
imgsrc.ru_84868749jTo.webp,bigdick93,https://b4.cc.icdn.ru/b/bigdick93/9/imgsrc.ru_84868749jTo.webp,2025-07-14 16:23:41,E:/Arquivos/Área de Trabalho/IMG\bigdick93\Anfisa\imgsrc.ru_84868749jTo.webp,active
imgsrc.ru_84868750vPs.webp,bigdick93,https://b4.cc.icdn.ru/b/bigdick93/0/imgsrc.ru_84868750vPs.webp,2025-07-14 16:23:41,E:/Arquivos/Área de Trabalho/IMG\bigdick93\Anfisa\imgsrc.ru_84868750vPs.webp,active
imgsrc.ru_84947717QTj.webp,bigdick93,https://b4.cc.icdn.ru/b/bigdick93/7/imgsrc.ru_84947717QTj.webp,2025-07-14 16:23:41,E:/Arquivos/Área de Trabalho/IMG\bigdick93\Anfisa\imgsrc.ru_84947717QTj.webp,active
imgsrc.ru_84947718qYM.webp,bigdick93,https://b4.cc.icdn.ru/b/bigdick93/8/imgsrc.ru_84947718qYM.webp,2025-07-14 16:23:41,E:/Arquivos/Área de Trabalho/IMG\bigdick93\Anfisa\imgsrc.ru_84947718qYM.webp,active
imgsrc.ru_84947719bgv.webp,bigdick93,https://b4.cc.icdn.ru/b/bigdick93/9/imgsrc.ru_84947719bgv.webp,2025-07-14 16:23:41,E:/Arquivos/Área de Trabalho/IMG\bigdick93\Anfisa\imgsrc.ru_84947719bgv.webp,active
imgsrc.ru_84947720FTb.webp,bigdick93,https://b4.cc.icdn.ru/b/bigdick93/0/imgsrc.ru_84947720FTb.webp,2025-07-14 16:23:41,E:/Arquivos/Área de Trabalho/IMG\bigdick93\Anfisa\imgsrc.ru_84947720FTb.webp,active
imgsrc.ru_84947722EkR.webp,bigdick93,https://b4.cc.icdn.ru/b/bigdick93/2/imgsrc.ru_84947722EkR.webp,2025-07-14 16:23:41,E:/Arquivos/Área de Trabalho/IMG\bigdick93\Anfisa\imgsrc.ru_84947722EkR.webp,active
imgsrc.ru_84947723ebU.webp,bigdick93,https://b4.cc.icdn.ru/b/bigdick93/3/imgsrc.ru_84947723ebU.webp,2025-07-14 16:23:41,E:/Arquivos/Área de Trabalho/IMG\bigdick93\Anfisa\imgsrc.ru_84947723ebU.webp,active
imgsrc.ru_84947724qbg.webp,bigdick93,https://b4.cc.icdn.ru/b/bigdick93/4/imgsrc.ru_84947724qbg.webp,2025-07-14 16:23:41,E:/Arquivos/Área de Trabalho/IMG\bigdick93\Anfisa\imgsrc.ru_84947724qbg.webp,active
imgsrc.ru_83553640PbJ.webp,bigdick93,https://b4.cc.icdn.ru/b/bigdick93/0/imgsrc.ru_83553640PbJ.webp,2025-07-14 16:23:41,E:/Arquivos/Área de Trabalho/IMG\bigdick93\Anfisa\imgsrc.ru_83553640PbJ.webp,active
imgsrc.ru_84947725PDE.webp,bigdick93,https://b4.cc.icdn.ru/b/bigdick93/5/imgsrc.ru_84947725PDE.webp,2025-07-14 16:23:41,E:/Arquivos/Área de Trabalho/IMG\bigdick93\Anfisa\imgsrc.ru_84947725PDE.webp,active
imgsrc.ru_84947726oHk.webp,bigdick93,https://b4.cc.icdn.ru/b/bigdick93/6/imgsrc.ru_84947726oHk.webp,2025-07-14 16:23:41,E:/Arquivos/Área de Trabalho/IMG\bigdick93\Anfisa\imgsrc.ru_84947726oHk.webp,active
imgsrc.ru_84947727EHQ.webp,bigdick93,https://b4.cc.icdn.ru/b/bigdick93/7/imgsrc.ru_84947727EHQ.webp,2025-07-14 16:23:41,E:/Arquivos/Área de Trabalho/IMG\bigdick93\Anfisa\imgsrc.ru_84947727EHQ.webp,active
imgsrc.ru_84947728Pqe.webp,bigdick93,https://b4.cc.icdn.ru/b/bigdick93/8/imgsrc.ru_84947728Pqe.webp,2025-07-14 16:23:41,E:/Arquivos/Área de Trabalho/IMG\bigdick93\Anfisa\imgsrc.ru_84947728Pqe.webp,active
imgsrc.ru_85001220vXL.webp,bigdick93,https://b4.cc.icdn.ru/b/bigdick93/0/imgsrc.ru_85001220vXL.webp,2025-07-14 16:23:41,E:/Arquivos/Área de Trabalho/IMG\bigdick93\Anfisa\imgsrc.ru_85001220vXL.webp,active
imgsrc.ru_85001221YBa.webp,bigdick93,https://b4.cc.icdn.ru/b/bigdick93/1/imgsrc.ru_85001221YBa.webp,2025-07-14 16:23:41,E:/Arquivos/Área de Trabalho/IMG\bigdick93\Anfisa\imgsrc.ru_85001221YBa.webp,active
imgsrc.ru_85001222Qbo.webp,bigdick93,https://b4.cc.icdn.ru/b/bigdick93/2/imgsrc.ru_85001222Qbo.webp,2025-07-14 16:23:41,E:/Arquivos/Área de Trabalho/IMG\bigdick93\Anfisa\imgsrc.ru_85001222Qbo.webp,active
imgsrc.ru_85001223hqz.webp,bigdick93,https://b4.cc.icdn.ru/b/bigdick93/3/imgsrc.ru_85001223hqz.webp,2025-07-14 16:23:41,E:/Arquivos/Área de Trabalho/IMG\bigdick93\Anfisa\imgsrc.ru_85001223hqz.webp,active
imgsrc.ru_85001224KXH.webp,bigdick93,https://b4.cc.icdn.ru/b/bigdick93/4/imgsrc.ru_85001224KXH.webp,2025-07-14 16:23:41,E:/Arquivos/Área de Trabalho/IMG\bigdick93\Anfisa\imgsrc.ru_85001224KXH.webp,active
imgsrc.ru_85001225jWh.webp,bigdick93,https://b4.cc.icdn.ru/b/bigdick93/5/imgsrc.ru_85001225jWh.webp,2025-07-14 16:23:41,E:/Arquivos/Área de Trabalho/IMG\bigdick93\Anfisa\imgsrc.ru_85001225jWh.webp,active
imgsrc.ru_85001226vrM.webp,bigdick93,https://b4.cc.icdn.ru/b/bigdick93/6/imgsrc.ru_85001226vrM.webp,2025-07-14 16:23:41,E:/Arquivos/Área de Trabalho/IMG\bigdick93\Anfisa\imgsrc.ru_85001226vrM.webp,active
imgsrc.ru_85001227aZH.webp,bigdick93,https://b4.cc.icdn.ru/b/bigdick93/7/imgsrc.ru_85001227aZH.webp,2025-07-14 16:23:41,E:/Arquivos/Área de Trabalho/IMG\bigdick93\Anfisa\imgsrc.ru_85001227aZH.webp,active
imgsrc.ru_85069209jYZ.webp,bigdick93,https://b4.cc.icdn.ru/b/bigdick93/9/imgsrc.ru_85069209jYZ.webp,2025-07-14 16:23:41,E:/Arquivos/Área de Trabalho/IMG\bigdick93\Anfisa\imgsrc.ru_85069209jYZ.webp,active
imgsrc.ru_85069210Ljz.webp,bigdick93,https://b4.cc.icdn.ru/b/bigdick93/0/imgsrc.ru_85069210Ljz.webp,2025-07-14 16:23:41,E:/Arquivos/Área de Trabalho/IMG\bigdick93\Anfisa\imgsrc.ru_85069210Ljz.webp,active
imgsrc.ru_85069211ida.webp,bigdick93,https://b4.cc.icdn.ru/b/bigdick93/1/imgsrc.ru_85069211ida.webp,2025-07-14 16:23:41,E:/Arquivos/Área de Trabalho/IMG\bigdick93\Anfisa\imgsrc.ru_85069211ida.webp,active
imgsrc.ru_85069212HgU.webp,bigdick93,https://b4.cc.icdn.ru/b/bigdick93/2/imgsrc.ru_85069212HgU.webp,2025-07-14 16:23:41,E:/Arquivos/Área de Trabalho/IMG\bigdick93\Anfisa\imgsrc.ru_85069212HgU.webp,active
imgsrc.ru_85069213sHa.webp,bigdick93,https://b4.cc.icdn.ru/b/bigdick93/3/imgsrc.ru_85069213sHa.webp,2025-07-14 16:23:41,E:/Arquivos/Área de Trabalho/IMG\bigdick93\Anfisa\imgsrc.ru_85069213sHa.webp,active
imgsrc.ru_85069214MVr.webp,bigdick93,https://b4.cc.icdn.ru/b/bigdick93/4/imgsrc.ru_85069214MVr.webp,2025-07-14 16:23:41,E:/Arquivos/Área de Trabalho/IMG\bigdick93\Anfisa\imgsrc.ru_85069214MVr.webp,active
imgsrc.ru_85069215NYb.webp,bigdick93,https://b4.cc.icdn.ru/b/bigdick93/5/imgsrc.ru_85069215NYb.webp,2025-07-14 16:23:41,E:/Arquivos/Área de Trabalho/IMG\bigdick93\Anfisa\imgsrc.ru_85069215NYb.webp,active
imgsrc.ru_85069216kzK.webp,bigdick93,https://b4.cc.icdn.ru/b/bigdick93/6/imgsrc.ru_85069216kzK.webp,2025-07-14 16:23:41,E:/Arquivos/Área de Trabalho/IMG\bigdick93\Anfisa\imgsrc.ru_85069216kzK.webp,active
imgsrc.ru_83352570Wzo.webp,gertygert,https://b7.cc.icdn.ru/g/gertygert/0/imgsrc.ru_83352570Wzo.webp,2025-07-14 16:37:17,E:/Arquivos/Área de Trabalho/IMG\gertygert\Asian_Teens_12\imgsrc.ru_83352570Wzo.webp,active
imgsrc.ru_83352584FQJ.webp,gertygert,https://b7.cc.icdn.ru/g/gertygert/4/imgsrc.ru_83352584FQJ.webp,2025-07-14 16:37:17,E:/Arquivos/Área de Trabalho/IMG\gertygert\Asian_Teens_12\imgsrc.ru_83352584FQJ.webp,active
imgsrc.ru_83352585vJT.webp,gertygert,https://b7.cc.icdn.ru/g/gertygert/5/imgsrc.ru_83352585vJT.webp,2025-07-14 16:37:17,E:/Arquivos/Área de Trabalho/IMG\gertygert\Asian_Teens_12\imgsrc.ru_83352585vJT.webp,active
imgsrc.ru_83352587gyk.webp,gertygert,https://b7.cc.icdn.ru/g/gertygert/7/imgsrc.ru_83352587gyk.webp,2025-07-14 16:37:17,E:/Arquivos/Área de Trabalho/IMG\gertygert\Asian_Teens_12\imgsrc.ru_83352587gyk.webp,active
imgsrc.ru_83381746MWs.webp,gertygert,https://b7.cc.icdn.ru/g/gertygert/6/imgsrc.ru_83381746MWs.webp,2025-07-14 16:37:17,E:/Arquivos/Área de Trabalho/IMG\gertygert\Asian_Teens_12\imgsrc.ru_83381746MWs.webp,active
imgsrc.ru_83401323Ras.webp,gertygert,https://b7.cc.icdn.ru/g/gertygert/3/imgsrc.ru_83401323Ras.webp,2025-07-14 16:37:17,E:/Arquivos/Área de Trabalho/IMG\gertygert\Asian_Teens_12\imgsrc.ru_83401323Ras.webp,active
imgsrc.ru_83434709ZuK.webp,gertygert,https://b7.cc.icdn.ru/g/gertygert/9/imgsrc.ru_83434709ZuK.webp,2025-07-14 16:37:17,E:/Arquivos/Área de Trabalho/IMG\gertygert\Asian_Teens_12\imgsrc.ru_83434709ZuK.webp,active
imgsrc.ru_83454633vXd.webp,gertygert,https://b7.cc.icdn.ru/g/gertygert/3/imgsrc.ru_83454633vXd.webp,2025-07-14 16:37:17,E:/Arquivos/Área de Trabalho/IMG\gertygert\Asian_Teens_12\imgsrc.ru_83454633vXd.webp,active
imgsrc.ru_83454634vHi.webp,gertygert,https://b7.cc.icdn.ru/g/gertygert/4/imgsrc.ru_83454634vHi.webp,2025-07-14 16:37:17,E:/Arquivos/Área de Trabalho/IMG\gertygert\Asian_Teens_12\imgsrc.ru_83454634vHi.webp,active
imgsrc.ru_83471290ETh.webp,gertygert,https://b7.cc.icdn.ru/g/gertygert/0/imgsrc.ru_83471290ETh.webp,2025-07-14 16:37:17,E:/Arquivos/Área de Trabalho/IMG\gertygert\Asian_Teens_12\imgsrc.ru_83471290ETh.webp,active
imgsrc.ru_83471291Zoi.webp,gertygert,https://b7.cc.icdn.ru/g/gertygert/1/imgsrc.ru_83471291Zoi.webp,2025-07-14 16:37:17,E:/Arquivos/Área de Trabalho/IMG\gertygert\Asian_Teens_12\imgsrc.ru_83471291Zoi.webp,active
imgsrc.ru_83486556UHi.webp,gertygert,https://b7.cc.icdn.ru/g/gertygert/6/imgsrc.ru_83486556UHi.webp,2025-07-14 16:37:17,E:/Arquivos/Área de Trabalho/IMG\gertygert\Asian_Teens_12\imgsrc.ru_83486556UHi.webp,active
imgsrc.ru_83503916gJe.webp,gertygert,https://b7.cc.icdn.ru/g/gertygert/6/imgsrc.ru_83503916gJe.webp,2025-07-14 16:37:17,E:/Arquivos/Área de Trabalho/IMG\gertygert\Asian_Teens_12\imgsrc.ru_83503916gJe.webp,active
imgsrc.ru_83526240ryi.webp,gertygert,https://b7.cc.icdn.ru/g/gertygert/0/imgsrc.ru_83526240ryi.webp,2025-07-14 16:37:17,E:/Arquivos/Área de Trabalho/IMG\gertygert\Asian_Teens_12\imgsrc.ru_83526240ryi.webp,active
imgsrc.ru_83534480tUB.webp,gertygert,https://b7.cc.icdn.ru/g/gertygert/0/imgsrc.ru_83534480tUB.webp,2025-07-14 16:37:17,E:/Arquivos/Área de Trabalho/IMG\gertygert\Asian_Teens_12\imgsrc.ru_83534480tUB.webp,active
imgsrc.ru_83545976DXs.webp,gertygert,https://b7.cc.icdn.ru/g/gertygert/6/imgsrc.ru_83545976DXs.webp,2025-07-14 16:37:17,E:/Arquivos/Área de Trabalho/IMG\gertygert\Asian_Teens_12\imgsrc.ru_83545976DXs.webp,active
imgsrc.ru_83562837aUv.webp,gertygert,https://b7.cc.icdn.ru/g/gertygert/7/imgsrc.ru_83562837aUv.webp,2025-07-14 16:37:17,E:/Arquivos/Área de Trabalho/IMG\gertygert\Asian_Teens_12\imgsrc.ru_83562837aUv.webp,active
imgsrc.ru_83581565HrJ.webp,gertygert,https://b7.cc.icdn.ru/g/gertygert/5/imgsrc.ru_83581565HrJ.webp,2025-07-14 16:37:17,E:/Arquivos/Área de Trabalho/IMG\gertygert\Asian_Teens_12\imgsrc.ru_83581565HrJ.webp,active
imgsrc.ru_83593728MXu.webp,gertygert,https://b7.cc.icdn.ru/g/gertygert/8/imgsrc.ru_83593728MXu.webp,2025-07-14 16:37:17,E:/Arquivos/Área de Trabalho/IMG\gertygert\Asian_Teens_12\imgsrc.ru_83593728MXu.webp,active
imgsrc.ru_83606554TKD.webp,gertygert,https://b7.cc.icdn.ru/g/gertygert/4/imgsrc.ru_83606554TKD.webp,2025-07-14 16:37:18,E:/Arquivos/Área de Trabalho/IMG\gertygert\Asian_Teens_12\imgsrc.ru_83606554TKD.webp,active
imgsrc.ru_83631250oXJ.webp,gertygert,https://b7.cc.icdn.ru/g/gertygert/0/imgsrc.ru_83631250oXJ.webp,2025-07-14 16:37:18,E:/Arquivos/Área de Trabalho/IMG\gertygert\Asian_Teens_12\imgsrc.ru_83631250oXJ.webp,active
imgsrc.ru_83642291imM.webp,gertygert,https://b7.cc.icdn.ru/g/gertygert/1/imgsrc.ru_83642291imM.webp,2025-07-14 16:37:18,E:/Arquivos/Área de Trabalho/IMG\gertygert\Asian_Teens_12\imgsrc.ru_83642291imM.webp,active
imgsrc.ru_83663836zEJ.webp,gertygert,https://b7.cc.icdn.ru/g/gertygert/6/imgsrc.ru_83663836zEJ.webp,2025-07-14 16:37:18,E:/Arquivos/Área de Trabalho/IMG\gertygert\Asian_Teens_12\imgsrc.ru_83663836zEJ.webp,active
imgsrc.ru_83689228mHr.webp,gertygert,https://b7.cc.icdn.ru/g/gertygert/8/imgsrc.ru_83689228mHr.webp,2025-07-14 16:37:18,E:/Arquivos/Área de Trabalho/IMG\gertygert\Asian_Teens_12\imgsrc.ru_83689228mHr.webp,active
imgsrc.ru_83715928ojg.webp,gertygert,https://b7.cc.icdn.ru/g/gertygert/8/imgsrc.ru_83715928ojg.webp,2025-07-14 16:37:18,E:/Arquivos/Área de Trabalho/IMG\gertygert\Asian_Teens_12\imgsrc.ru_83715928ojg.webp,active
imgsrc.ru_83737325oYj.webp,gertygert,https://b7.cc.icdn.ru/g/gertygert/5/imgsrc.ru_83737325oYj.webp,2025-07-14 16:37:18,E:/Arquivos/Área de Trabalho/IMG\gertygert\Asian_Teens_12\imgsrc.ru_83737325oYj.webp,active
imgsrc.ru_83747173FQm.webp,gertygert,https://b7.cc.icdn.ru/g/gertygert/3/imgsrc.ru_83747173FQm.webp,2025-07-14 16:37:18,E:/Arquivos/Área de Trabalho/IMG\gertygert\Asian_Teens_12\imgsrc.ru_83747173FQm.webp,active
imgsrc.ru_83779223DoQ.webp,gertygert,https://b7.cc.icdn.ru/g/gertygert/3/imgsrc.ru_83779223DoQ.webp,2025-07-14 16:37:18,E:/Arquivos/Área de Trabalho/IMG\gertygert\Asian_Teens_12\imgsrc.ru_83779223DoQ.webp,active
imgsrc.ru_83789634DzK.webp,gertygert,https://b7.cc.icdn.ru/g/gertygert/4/imgsrc.ru_83789634DzK.webp,2025-07-14 16:37:18,E:/Arquivos/Área de Trabalho/IMG\gertygert\Asian_Teens_12\imgsrc.ru_83789634DzK.webp,active
imgsrc.ru_83818598aEq.webp,gertygert,https://b7.cc.icdn.ru/g/gertygert/8/imgsrc.ru_83818598aEq.webp,2025-07-14 16:37:18,E:/Arquivos/Área de Trabalho/IMG\gertygert\Asian_Teens_12\imgsrc.ru_83818598aEq.webp,active
imgsrc.ru_83827527tbk.webp,gertygert,https://b7.cc.icdn.ru/g/gertygert/7/imgsrc.ru_83827527tbk.webp,2025-07-14 16:37:18,E:/Arquivos/Área de Trabalho/IMG\gertygert\Asian_Teens_12\imgsrc.ru_83827527tbk.webp,active
imgsrc.ru_83843322yLq.webp,gertygert,https://b7.cc.icdn.ru/g/gertygert/2/imgsrc.ru_83843322yLq.webp,2025-07-14 16:37:18,E:/Arquivos/Área de Trabalho/IMG\gertygert\Asian_Teens_12\imgsrc.ru_83843322yLq.webp,active
imgsrc.ru_83865993LTs.webp,gertygert,https://b7.cc.icdn.ru/g/gertygert/3/imgsrc.ru_83865993LTs.webp,2025-07-14 16:37:18,E:/Arquivos/Área de Trabalho/IMG\gertygert\Asian_Teens_12\imgsrc.ru_83865993LTs.webp,active
imgsrc.ru_83889642mRY.webp,gertygert,https://b7.cc.icdn.ru/g/gertygert/2/imgsrc.ru_83889642mRY.webp,2025-07-14 16:37:18,E:/Arquivos/Área de Trabalho/IMG\gertygert\Asian_Teens_12\imgsrc.ru_83889642mRY.webp,active
imgsrc.ru_83905985Nmz.webp,gertygert,https://b7.cc.icdn.ru/g/gertygert/5/imgsrc.ru_83905985Nmz.webp,2025-07-14 16:37:18,E:/Arquivos/Área de Trabalho/IMG\gertygert\Asian_Teens_12\imgsrc.ru_83905985Nmz.webp,active
imgsrc.ru_83924091PeZ.webp,gertygert,https://b7.cc.icdn.ru/g/gertygert/1/imgsrc.ru_83924091PeZ.webp,2025-07-14 16:37:18,E:/Arquivos/Área de Trabalho/IMG\gertygert\Asian_Teens_12\imgsrc.ru_83924091PeZ.webp,active
imgsrc.ru_83959120iZu.webp,gertygert,https://b7.cc.icdn.ru/g/gertygert/0/imgsrc.ru_83959120iZu.webp,2025-07-14 16:37:18,E:/Arquivos/Área de Trabalho/IMG\gertygert\Asian_Teens_12\imgsrc.ru_83959120iZu.webp,active
imgsrc.ru_83972291VZU.webp,gertygert,https://b7.cc.icdn.ru/g/gertygert/1/imgsrc.ru_83972291VZU.webp,2025-07-14 16:37:18,E:/Arquivos/Área de Trabalho/IMG\gertygert\Asian_Teens_12\imgsrc.ru_83972291VZU.webp,active
imgsrc.ru_83987166Qie.webp,gertygert,https://b7.cc.icdn.ru/g/gertygert/6/imgsrc.ru_83987166Qie.webp,2025-07-14 16:37:18,E:/Arquivos/Área de Trabalho/IMG\gertygert\Asian_Teens_12\imgsrc.ru_83987166Qie.webp,active
imgsrc.ru_84006925zHv.webp,gertygert,https://b7.cc.icdn.ru/g/gertygert/5/imgsrc.ru_84006925zHv.webp,2025-07-14 16:37:18,E:/Arquivos/Área de Trabalho/IMG\gertygert\Asian_Teens_12\imgsrc.ru_84006925zHv.webp,active
imgsrc.ru_84043637jHJ.webp,gertygert,https://b7.cc.icdn.ru/g/gertygert/7/imgsrc.ru_84043637jHJ.webp,2025-07-14 16:37:18,E:/Arquivos/Área de Trabalho/IMG\gertygert\Asian_Teens_12\imgsrc.ru_84043637jHJ.webp,active
imgsrc.ru_84061784ZUj.webp,gertygert,https://b7.cc.icdn.ru/g/gertygert/4/imgsrc.ru_84061784ZUj.webp,2025-07-14 16:37:18,E:/Arquivos/Área de Trabalho/IMG\gertygert\Asian_Teens_12\imgsrc.ru_84061784ZUj.webp,active
imgsrc.ru_84076134jvZ.webp,gertygert,https://b7.cc.icdn.ru/g/gertygert/4/imgsrc.ru_84076134jvZ.webp,2025-07-14 16:37:18,E:/Arquivos/Área de Trabalho/IMG\gertygert\Asian_Teens_12\imgsrc.ru_84076134jvZ.webp,active
imgsrc.ru_84097135ZoN.webp,gertygert,https://b7.cc.icdn.ru/g/gertygert/5/imgsrc.ru_84097135ZoN.webp,2025-07-14 16:37:18,E:/Arquivos/Área de Trabalho/IMG\gertygert\Asian_Teens_12\imgsrc.ru_84097135ZoN.webp,active
imgsrc.ru_84113630Nvk.webp,gertygert,https://b7.cc.icdn.ru/g/gertygert/0/imgsrc.ru_84113630Nvk.webp,2025-07-14 16:37:18,E:/Arquivos/Área de Trabalho/IMG\gertygert\Asian_Teens_12\imgsrc.ru_84113630Nvk.webp,active
imgsrc.ru_84141979qjm.webp,gertygert,https://b7.cc.icdn.ru/g/gertygert/9/imgsrc.ru_84141979qjm.webp,2025-07-14 16:37:18,E:/Arquivos/Área de Trabalho/IMG\gertygert\Asian_Teens_12\imgsrc.ru_84141979qjm.webp,active
imgsrc.ru_84141980Mtu.webp,gertygert,https://b7.cc.icdn.ru/g/gertygert/0/imgsrc.ru_84141980Mtu.webp,2025-07-14 16:37:18,E:/Arquivos/Área de Trabalho/IMG\gertygert\Asian_Teens_12\imgsrc.ru_84141980Mtu.webp,active
imgsrc.ru_84150859bLd.webp,gertygert,https://b7.cc.icdn.ru/g/gertygert/9/imgsrc.ru_84150859bLd.webp,2025-07-14 16:37:18,E:/Arquivos/Área de Trabalho/IMG\gertygert\Asian_Teens_12\imgsrc.ru_84150859bLd.webp,active
imgsrc.ru_84177018hEs.webp,gertygert,https://b7.cc.icdn.ru/g/gertygert/8/imgsrc.ru_84177018hEs.webp,2025-07-14 16:37:18,E:/Arquivos/Área de Trabalho/IMG\gertygert\Asian_Teens_12\imgsrc.ru_84177018hEs.webp,active
imgsrc.ru_84177019BVH.webp,gertygert,https://b7.cc.icdn.ru/g/gertygert/9/imgsrc.ru_84177019BVH.webp,2025-07-14 16:37:18,E:/Arquivos/Área de Trabalho/IMG\gertygert\Asian_Teens_12\imgsrc.ru_84177019BVH.webp,active
imgsrc.ru_84195883XZW.webp,gertygert,https://b7.cc.icdn.ru/g/gertygert/3/imgsrc.ru_84195883XZW.webp,2025-07-14 16:37:18,E:/Arquivos/Área de Trabalho/IMG\gertygert\Asian_Teens_12\imgsrc.ru_84195883XZW.webp,active
imgsrc.ru_84214794XiL.webp,gertygert,https://b7.cc.icdn.ru/g/gertygert/4/imgsrc.ru_84214794XiL.webp,2025-07-14 16:37:18,E:/Arquivos/Área de Trabalho/IMG\gertygert\Asian_Teens_12\imgsrc.ru_84214794XiL.webp,active
imgsrc.ru_84214795BeE.webp,gertygert,https://b7.cc.icdn.ru/g/gertygert/5/imgsrc.ru_84214795BeE.webp,2025-07-14 16:37:18,E:/Arquivos/Área de Trabalho/IMG\gertygert\Asian_Teens_12\imgsrc.ru_84214795BeE.webp,active
imgsrc.ru_84242671QtL.webp,gertygert,https://b7.cc.icdn.ru/g/gertygert/1/imgsrc.ru_84242671QtL.webp,2025-07-14 16:37:18,E:/Arquivos/Área de Trabalho/IMG\gertygert\Asian_Teens_12\imgsrc.ru_84242671QtL.webp,active
imgsrc.ru_84289779oer.webp,gertygert,https://b7.cc.icdn.ru/g/gertygert/9/imgsrc.ru_84289779oer.webp,2025-07-14 16:37:18,E:/Arquivos/Área de Trabalho/IMG\gertygert\Asian_Teens_12\imgsrc.ru_84289779oer.webp,active
imgsrc.ru_84343922uMr.webp,gertygert,https://b7.cc.icdn.ru/g/gertygert/2/imgsrc.ru_84343922uMr.webp,2025-07-14 16:37:18,E:/Arquivos/Área de Trabalho/IMG\gertygert\Asian_Teens_12\imgsrc.ru_84343922uMr.webp,active
imgsrc.ru_84391170FrR.webp,gertygert,https://b7.cc.icdn.ru/g/gertygert/0/imgsrc.ru_84391170FrR.webp,2025-07-14 16:37:18,E:/Arquivos/Área de Trabalho/IMG\gertygert\Asian_Teens_12\imgsrc.ru_84391170FrR.webp,active
imgsrc.ru_84453042PWM.webp,gertygert,https://b7.cc.icdn.ru/g/gertygert/2/imgsrc.ru_84453042PWM.webp,2025-07-14 16:37:18,E:/Arquivos/Área de Trabalho/IMG\gertygert\Asian_Teens_12\imgsrc.ru_84453042PWM.webp,active
imgsrc.ru_84470998RzH.webp,gertygert,https://b7.cc.icdn.ru/g/gertygert/8/imgsrc.ru_84470998RzH.webp,2025-07-14 16:37:18,E:/Arquivos/Área de Trabalho/IMG\gertygert\Asian_Teens_12\imgsrc.ru_84470998RzH.webp,active
imgsrc.ru_84494063vRQ.webp,gertygert,https://b7.cc.icdn.ru/g/gertygert/3/imgsrc.ru_84494063vRQ.webp,2025-07-14 16:37:18,E:/Arquivos/Área de Trabalho/IMG\gertygert\Asian_Teens_12\imgsrc.ru_84494063vRQ.webp,active
imgsrc.ru_84525069ERq.webp,gertygert,https://b7.cc.icdn.ru/g/gertygert/9/imgsrc.ru_84525069ERq.webp,2025-07-14 16:37:18,E:/Arquivos/Área de Trabalho/IMG\gertygert\Asian_Teens_12\imgsrc.ru_84525069ERq.webp,active
imgsrc.ru_84545929BdY.webp,gertygert,https://b7.cc.icdn.ru/g/gertygert/9/imgsrc.ru_84545929BdY.webp,2025-07-14 16:37:18,E:/Arquivos/Área de Trabalho/IMG\gertygert\Asian_Teens_12\imgsrc.ru_84545929BdY.webp,active
imgsrc.ru_84590076est.webp,gertygert,https://b7.cc.icdn.ru/g/gertygert/6/imgsrc.ru_84590076est.webp,2025-07-14 16:37:18,E:/Arquivos/Área de Trabalho/IMG\gertygert\Asian_Teens_12\imgsrc.ru_84590076est.webp,active
imgsrc.ru_84611914JKg.webp,gertygert,https://b7.cc.icdn.ru/g/gertygert/4/imgsrc.ru_84611914JKg.webp,2025-07-14 16:37:18,E:/Arquivos/Área de Trabalho/IMG\gertygert\Asian_Teens_12\imgsrc.ru_84611914JKg.webp,active
imgsrc.ru_84653974JYT.webp,gertygert,https://b7.cc.icdn.ru/g/gertygert/4/imgsrc.ru_84653974JYT.webp,2025-07-14 16:37:18,E:/Arquivos/Área de Trabalho/IMG\gertygert\Asian_Teens_12\imgsrc.ru_84653974JYT.webp,active
imgsrc.ru_84678115Hrd.webp,gertygert,https://b7.cc.icdn.ru/g/gertygert/5/imgsrc.ru_84678115Hrd.webp,2025-07-14 16:37:18,E:/Arquivos/Área de Trabalho/IMG\gertygert\Asian_Teens_12\imgsrc.ru_84678115Hrd.webp,active
imgsrc.ru_84696660Jiu.webp,gertygert,https://b7.cc.icdn.ru/g/gertygert/0/imgsrc.ru_84696660Jiu.webp,2025-07-14 16:37:18,E:/Arquivos/Área de Trabalho/IMG\gertygert\Asian_Teens_12\imgsrc.ru_84696660Jiu.webp,active
imgsrc.ru_84751680hro.webp,gertygert,https://b7.cc.icdn.ru/g/gertygert/0/imgsrc.ru_84751680hro.webp,2025-07-14 16:37:18,E:/Arquivos/Área de Trabalho/IMG\gertygert\Asian_Teens_12\imgsrc.ru_84751680hro.webp,active
imgsrc.ru_84781737Jvg.webp,gertygert,https://b7.cc.icdn.ru/g/gertygert/7/imgsrc.ru_84781737Jvg.webp,2025-07-14 16:37:18,E:/Arquivos/Área de Trabalho/IMG\gertygert\Asian_Teens_12\imgsrc.ru_84781737Jvg.webp,active
imgsrc.ru_84804636RYj.webp,gertygert,https://b7.cc.icdn.ru/g/gertygert/6/imgsrc.ru_84804636RYj.webp,2025-07-14 16:37:18,E:/Arquivos/Área de Trabalho/IMG\gertygert\Asian_Teens_12\imgsrc.ru_84804636RYj.webp,active
imgsrc.ru_84839295Zbe.webp,gertygert,https://b7.cc.icdn.ru/g/gertygert/5/imgsrc.ru_84839295Zbe.webp,2025-07-14 16:37:18,E:/Arquivos/Área de Trabalho/IMG\gertygert\Asian_Teens_12\imgsrc.ru_84839295Zbe.webp,active
imgsrc.ru_84858230PVb.webp,gertygert,https://b7.cc.icdn.ru/g/gertygert/0/imgsrc.ru_84858230PVb.webp,2025-07-14 16:37:18,E:/Arquivos/Área de Trabalho/IMG\gertygert\Asian_Teens_12\imgsrc.ru_84858230PVb.webp,active
imgsrc.ru_84878684jsu.webp,gertygert,https://b7.cc.icdn.ru/g/gertygert/4/imgsrc.ru_84878684jsu.webp,2025-07-14 16:37:18,E:/Arquivos/Área de Trabalho/IMG\gertygert\Asian_Teens_12\imgsrc.ru_84878684jsu.webp,active
imgsrc.ru_84888688kFE.webp,gertygert,https://b7.cc.icdn.ru/g/gertygert/8/imgsrc.ru_84888688kFE.webp,2025-07-14 16:37:18,E:/Arquivos/Área de Trabalho/IMG\gertygert\Asian_Teens_12\imgsrc.ru_84888688kFE.webp,active
imgsrc.ru_84898591JFR.webp,gertygert,https://b7.cc.icdn.ru/g/gertygert/1/imgsrc.ru_84898591JFR.webp,2025-07-14 16:37:18,E:/Arquivos/Área de Trabalho/IMG\gertygert\Asian_Teens_12\imgsrc.ru_84898591JFR.webp,active
imgsrc.ru_84934591UFM.webp,gertygert,https://b7.cc.icdn.ru/g/gertygert/1/imgsrc.ru_84934591UFM.webp,2025-07-14 16:37:18,E:/Arquivos/Área de Trabalho/IMG\gertygert\Asian_Teens_12\imgsrc.ru_84934591UFM.webp,active
imgsrc.ru_84943307svu.webp,gertygert,https://b7.cc.icdn.ru/g/gertygert/7/imgsrc.ru_84943307svu.webp,2025-07-14 16:37:18,E:/Arquivos/Área de Trabalho/IMG\gertygert\Asian_Teens_12\imgsrc.ru_84943307svu.webp,active
imgsrc.ru_84962356WdX.webp,gertygert,https://b7.cc.icdn.ru/g/gertygert/6/imgsrc.ru_84962356WdX.webp,2025-07-14 16:37:18,E:/Arquivos/Área de Trabalho/IMG\gertygert\Asian_Teens_12\imgsrc.ru_84962356WdX.webp,active
imgsrc.ru_84975752eXz.webp,gertygert,https://b7.cc.icdn.ru/g/gertygert/2/imgsrc.ru_84975752eXz.webp,2025-07-14 16:37:18,E:/Arquivos/Área de Trabalho/IMG\gertygert\Asian_Teens_12\imgsrc.ru_84975752eXz.webp,active
imgsrc.ru_84991221VDr.webp,gertygert,https://b7.cc.icdn.ru/g/gertygert/1/imgsrc.ru_84991221VDr.webp,2025-07-14 16:37:18,E:/Arquivos/Área de Trabalho/IMG\gertygert\Asian_Teens_12\imgsrc.ru_84991221VDr.webp,active
imgsrc.ru_85001348tYU.webp,gertygert,https://b7.cc.icdn.ru/g/gertygert/8/imgsrc.ru_85001348tYU.webp,2025-07-14 16:37:18,E:/Arquivos/Área de Trabalho/IMG\gertygert\Asian_Teens_12\imgsrc.ru_85001348tYU.webp,active
imgsrc.ru_85024045qPa.webp,gertygert,https://b7.cc.icdn.ru/g/gertygert/5/imgsrc.ru_85024045qPa.webp,2025-07-14 16:37:18,E:/Arquivos/Área de Trabalho/IMG\gertygert\Asian_Teens_12\imgsrc.ru_85024045qPa.webp,active
imgsrc.ru_85033705oue.webp,gertygert,https://b7.cc.icdn.ru/g/gertygert/5/imgsrc.ru_85033705oue.webp,2025-07-14 16:37:18,E:/Arquivos/Área de Trabalho/IMG\gertygert\Asian_Teens_12\imgsrc.ru_85033705oue.webp,active
imgsrc.ru_85045993Lju.webp,gertygert,https://b7.cc.icdn.ru/g/gertygert/3/imgsrc.ru_85045993Lju.webp,2025-07-14 16:37:18,E:/Arquivos/Área de Trabalho/IMG\gertygert\Asian_Teens_12\imgsrc.ru_85045993Lju.webp,active
imgsrc.ru_85056701ubW.webp,gertygert,https://b7.cc.icdn.ru/g/gertygert/1/imgsrc.ru_85056701ubW.webp,2025-07-14 16:37:18,E:/Arquivos/Área de Trabalho/IMG\gertygert\Asian_Teens_12\imgsrc.ru_85056701ubW.webp,active
imgsrc.ru_85068846Quy.webp,gertygert,https://b7.cc.icdn.ru/g/gertygert/6/imgsrc.ru_85068846Quy.webp,2025-07-14 16:37:18,E:/Arquivos/Área de Trabalho/IMG\gertygert\Asian_Teens_12\imgsrc.ru_85068846Quy.webp,active
imgsrc.ru_85080617zro.webp,gertygert,https://b7.cc.icdn.ru/g/gertygert/7/imgsrc.ru_85080617zro.webp,2025-07-14 16:37:18,E:/Arquivos/Área de Trabalho/IMG\gertygert\Asian_Teens_12\imgsrc.ru_85080617zro.webp,active
imgsrc.ru_79781003YQJ.jpg,gertygert,https://b7.cc.icdn.ru/g/gertygert/3/imgsrc.ru_79781003YQJ.jpg,2025-07-14 17:19:54,E:/Arquivos/Área de Trabalho/IMG\gertygert\Asian_Teens_11\imgsrc.ru_79781003YQJ.jpg,active
imgsrc.ru_79806091JiQ.jpg,gertygert,https://b7.cc.icdn.ru/g/gertygert/1/imgsrc.ru_79806091JiQ.jpg,2025-07-14 17:19:55,E:/Arquivos/Área de Trabalho/IMG\gertygert\Asian_Teens_11\imgsrc.ru_79806091JiQ.jpg,active
imgsrc.ru_79819016Mam.jpg,gertygert,https://b7.cc.icdn.ru/g/gertygert/6/imgsrc.ru_79819016Mam.jpg,2025-07-14 17:19:55,E:/Arquivos/Área de Trabalho/IMG\gertygert\Asian_Teens_11\imgsrc.ru_79819016Mam.jpg,active
imgsrc.ru_82785913tYd.jpg,gertygert,https://b7.cc.icdn.ru/g/gertygert/3/imgsrc.ru_82785913tYd.jpg,2025-07-14 17:19:55,E:/Arquivos/Área de Trabalho/IMG\gertygert\Asian_Teens_11\imgsrc.ru_82785913tYd.jpg,active
imgsrc.ru_79781003YQJ.webp,gertygert,https://b7.cc.icdn.ru/g/gertygert/3/imgsrc.ru_79781003YQJ.webp,2025-07-15 00:28:14,E:/Arquivos/Área de Trabalho/IMG\gertygert\Asian_Teens_11\imgsrc.ru_79781003YQJ.webp,active
imgsrc.ru_79781004UZh.webp,gertygert,https://b7.cc.icdn.ru/g/gertygert/4/imgsrc.ru_79781004UZh.webp,2025-07-15 00:28:14,E:/Arquivos/Área de Trabalho/IMG\gertygert\Asian_Teens_11\imgsrc.ru_79781004UZh.webp,active
imgsrc.ru_79781005Nge.webp,gertygert,https://b7.cc.icdn.ru/g/gertygert/5/imgsrc.ru_79781005Nge.webp,2025-07-15 00:28:14,E:/Arquivos/Área de Trabalho/IMG\gertygert\Asian_Teens_11\imgsrc.ru_79781005Nge.webp,active
imgsrc.ru_79781006bVB.webp,gertygert,https://b7.cc.icdn.ru/g/gertygert/6/imgsrc.ru_79781006bVB.webp,2025-07-15 00:28:14,E:/Arquivos/Área de Trabalho/IMG\gertygert\Asian_Teens_11\imgsrc.ru_79781006bVB.webp,active
imgsrc.ru_79787031mEM.webp,gertygert,https://b7.cc.icdn.ru/g/gertygert/1/imgsrc.ru_79787031mEM.webp,2025-07-15 00:28:14,E:/Arquivos/Área de Trabalho/IMG\gertygert\Asian_Teens_11\imgsrc.ru_79787031mEM.webp,active
imgsrc.ru_79797295dYa.webp,gertygert,https://b7.cc.icdn.ru/g/gertygert/5/imgsrc.ru_79797295dYa.webp,2025-07-15 00:28:14,E:/Arquivos/Área de Trabalho/IMG\gertygert\Asian_Teens_11\imgsrc.ru_79797295dYa.webp,active
imgsrc.ru_79797296oKm.webp,gertygert,https://b7.cc.icdn.ru/g/gertygert/6/imgsrc.ru_79797296oKm.webp,2025-07-15 00:28:14,E:/Arquivos/Área de Trabalho/IMG\gertygert\Asian_Teens_11\imgsrc.ru_79797296oKm.webp,active
imgsrc.ru_79806082UFP.webp,gertygert,https://b7.cc.icdn.ru/g/gertygert/2/imgsrc.ru_79806082UFP.webp,2025-07-15 00:28:14,E:/Arquivos/Área de Trabalho/IMG\gertygert\Asian_Teens_11\imgsrc.ru_79806082UFP.webp,active
imgsrc.ru_79806091JiQ.webp,gertygert,https://b7.cc.icdn.ru/g/gertygert/1/imgsrc.ru_79806091JiQ.webp,2025-07-15 00:28:14,E:/Arquivos/Área de Trabalho/IMG\gertygert\Asian_Teens_11\imgsrc.ru_79806091JiQ.webp,active
imgsrc.ru_79819016Mam.webp,gertygert,https://b7.cc.icdn.ru/g/gertygert/6/imgsrc.ru_79819016Mam.webp,2025-07-15 00:28:14,E:/Arquivos/Área de Trabalho/IMG\gertygert\Asian_Teens_11\imgsrc.ru_79819016Mam.webp,active
imgsrc.ru_79823717Pkz.webp,gertygert,https://b7.cc.icdn.ru/g/gertygert/7/imgsrc.ru_79823717Pkz.webp,2025-07-15 00:28:14,E:/Arquivos/Área de Trabalho/IMG\gertygert\Asian_Teens_11\imgsrc.ru_79823717Pkz.webp,active
imgsrc.ru_79823719Qdo.webp,gertygert,https://b7.cc.icdn.ru/g/gertygert/9/imgsrc.ru_79823719Qdo.webp,2025-07-15 00:28:14,E:/Arquivos/Área de Trabalho/IMG\gertygert\Asian_Teens_11\imgsrc.ru_79823719Qdo.webp,active
imgsrc.ru_79833577yeT.webp,gertygert,https://b7.cc.icdn.ru/g/gertygert/7/imgsrc.ru_79833577yeT.webp,2025-07-15 00:28:14,E:/Arquivos/Área de Trabalho/IMG\gertygert\Asian_Teens_11\imgsrc.ru_79833577yeT.webp,active
imgsrc.ru_79840132ydh.webp,gertygert,https://b7.cc.icdn.ru/g/gertygert/2/imgsrc.ru_79840132ydh.webp,2025-07-15 00:28:14,E:/Arquivos/Área de Trabalho/IMG\gertygert\Asian_Teens_11\imgsrc.ru_79840132ydh.webp,active
imgsrc.ru_79849563reJ.webp,gertygert,https://b7.cc.icdn.ru/g/gertygert/3/imgsrc.ru_79849563reJ.webp,2025-07-15 00:28:14,E:/Arquivos/Área de Trabalho/IMG\gertygert\Asian_Teens_11\imgsrc.ru_79849563reJ.webp,active
imgsrc.ru_79858899rmb.webp,gertygert,https://b7.cc.icdn.ru/g/gertygert/9/imgsrc.ru_79858899rmb.webp,2025-07-15 00:28:14,E:/Arquivos/Área de Trabalho/IMG\gertygert\Asian_Teens_11\imgsrc.ru_79858899rmb.webp,active
imgsrc.ru_79865376evR.webp,gertygert,https://b7.cc.icdn.ru/g/gertygert/6/imgsrc.ru_79865376evR.webp,2025-07-15 00:28:14,E:/Arquivos/Área de Trabalho/IMG\gertygert\Asian_Teens_11\imgsrc.ru_79865376evR.webp,active
imgsrc.ru_79874836MNW.webp,gertygert,https://b7.cc.icdn.ru/g/gertygert/6/imgsrc.ru_79874836MNW.webp,2025-07-15 00:28:14,E:/Arquivos/Área de Trabalho/IMG\gertygert\Asian_Teens_11\imgsrc.ru_79874836MNW.webp,active
imgsrc.ru_79884225KPE.webp,gertygert,https://b7.cc.icdn.ru/g/gertygert/5/imgsrc.ru_79884225KPE.webp,2025-07-15 00:28:14,E:/Arquivos/Área de Trabalho/IMG\gertygert\Asian_Teens_11\imgsrc.ru_79884225KPE.webp,active
imgsrc.ru_79894041FiW.webp,gertygert,https://b7.cc.icdn.ru/g/gertygert/1/imgsrc.ru_79894041FiW.webp,2025-07-15 00:28:14,E:/Arquivos/Área de Trabalho/IMG\gertygert\Asian_Teens_11\imgsrc.ru_79894041FiW.webp,active
imgsrc.ru_79902349RUs.webp,gertygert,https://b7.cc.icdn.ru/g/gertygert/9/imgsrc.ru_79902349RUs.webp,2025-07-15 00:28:14,E:/Arquivos/Área de Trabalho/IMG\gertygert\Asian_Teens_11\imgsrc.ru_79902349RUs.webp,active
imgsrc.ru_79910100JQL.webp,gertygert,https://b7.cc.icdn.ru/g/gertygert/0/imgsrc.ru_79910100JQL.webp,2025-07-15 00:28:14,E:/Arquivos/Área de Trabalho/IMG\gertygert\Asian_Teens_11\imgsrc.ru_79910100JQL.webp,active
imgsrc.ru_79918094vKm.webp,gertygert,https://b7.cc.icdn.ru/g/gertygert/4/imgsrc.ru_79918094vKm.webp,2025-07-15 00:28:14,E:/Arquivos/Área de Trabalho/IMG\gertygert\Asian_Teens_11\imgsrc.ru_79918094vKm.webp,active
imgsrc.ru_79927433Bvk.webp,gertygert,https://b7.cc.icdn.ru/g/gertygert/3/imgsrc.ru_79927433Bvk.webp,2025-07-15 00:28:14,E:/Arquivos/Área de Trabalho/IMG\gertygert\Asian_Teens_11\imgsrc.ru_79927433Bvk.webp,active
imgsrc.ru_79938221bjq.webp,gertygert,https://b7.cc.icdn.ru/g/gertygert/1/imgsrc.ru_79938221bjq.webp,2025-07-15 00:28:14,E:/Arquivos/Área de Trabalho/IMG\gertygert\Asian_Teens_11\imgsrc.ru_79938221bjq.webp,active
imgsrc.ru_80059542EyN.webp,gertygert,https://b7.cc.icdn.ru/g/gertygert/2/imgsrc.ru_80059542EyN.webp,2025-07-15 00:28:14,E:/Arquivos/Área de Trabalho/IMG\gertygert\Asian_Teens_11\imgsrc.ru_80059542EyN.webp,active
imgsrc.ru_80169874ujN.webp,gertygert,https://b7.cc.icdn.ru/g/gertygert/4/imgsrc.ru_80169874ujN.webp,2025-07-15 00:28:14,E:/Arquivos/Área de Trabalho/IMG\gertygert\Asian_Teens_11\imgsrc.ru_80169874ujN.webp,active
imgsrc.ru_80194557Zue.webp,gertygert,https://b7.cc.icdn.ru/g/gertygert/7/imgsrc.ru_80194557Zue.webp,2025-07-15 00:28:14,E:/Arquivos/Área de Trabalho/IMG\gertygert\Asian_Teens_11\imgsrc.ru_80194557Zue.webp,active
imgsrc.ru_80496074VdB.webp,gertygert,https://b7.cc.icdn.ru/g/gertygert/4/imgsrc.ru_80496074VdB.webp,2025-07-15 00:28:14,E:/Arquivos/Área de Trabalho/IMG\gertygert\Asian_Teens_11\imgsrc.ru_80496074VdB.webp,active
imgsrc.ru_80917187kgy.webp,gertygert,https://b7.cc.icdn.ru/g/gertygert/7/imgsrc.ru_80917187kgy.webp,2025-07-15 00:28:14,E:/Arquivos/Área de Trabalho/IMG\gertygert\Asian_Teens_11\imgsrc.ru_80917187kgy.webp,active
imgsrc.ru_81881848yYr.webp,gertygert,https://b7.cc.icdn.ru/g/gertygert/8/imgsrc.ru_81881848yYr.webp,2025-07-15 00:28:14,E:/Arquivos/Área de Trabalho/IMG\gertygert\Asian_Teens_11\imgsrc.ru_81881848yYr.webp,active
imgsrc.ru_82177156WXr.webp,gertygert,https://b7.cc.icdn.ru/g/gertygert/6/imgsrc.ru_82177156WXr.webp,2025-07-15 00:28:14,E:/Arquivos/Área de Trabalho/IMG\gertygert\Asian_Teens_11\imgsrc.ru_82177156WXr.webp,active
imgsrc.ru_82304710urP.webp,gertygert,https://b7.cc.icdn.ru/g/gertygert/0/imgsrc.ru_82304710urP.webp,2025-07-15 00:28:14,E:/Arquivos/Área de Trabalho/IMG\gertygert\Asian_Teens_11\imgsrc.ru_82304710urP.webp,active
imgsrc.ru_82409402Yae.webp,gertygert,https://b7.cc.icdn.ru/g/gertygert/2/imgsrc.ru_82409402Yae.webp,2025-07-15 00:28:14,E:/Arquivos/Área de Trabalho/IMG\gertygert\Asian_Teens_11\imgsrc.ru_82409402Yae.webp,active
imgsrc.ru_82677615XPR.webp,gertygert,https://b7.cc.icdn.ru/g/gertygert/5/imgsrc.ru_82677615XPR.webp,2025-07-15 00:28:14,E:/Arquivos/Área de Trabalho/IMG\gertygert\Asian_Teens_11\imgsrc.ru_82677615XPR.webp,active
imgsrc.ru_82785913tYd.webp,gertygert,https://b7.cc.icdn.ru/g/gertygert/3/imgsrc.ru_82785913tYd.webp,2025-07-15 00:28:14,E:/Arquivos/Área de Trabalho/IMG\gertygert\Asian_Teens_11\imgsrc.ru_82785913tYd.webp,active
imgsrc.ru_83336117tZT.webp,gertygert,https://b7.cc.icdn.ru/g/gertygert/7/imgsrc.ru_83336117tZT.webp,2025-07-15 00:28:15,E:/Arquivos/Área de Trabalho/IMG\gertygert\Asian_Teens_11\imgsrc.ru_83336117tZT.webp,active
imgsrc.ru_83352761mZV.webp,gertygert,https://b7.cc.icdn.ru/g/gertygert/1/imgsrc.ru_83352761mZV.webp,2025-07-15 00:28:15,E:/Arquivos/Área de Trabalho/IMG\gertygert\Asian_Teens_11\imgsrc.ru_83352761mZV.webp,active
imgsrc.ru_83381745MKX.webp,gertygert,https://b7.cc.icdn.ru/g/gertygert/5/imgsrc.ru_83381745MKX.webp,2025-07-15 00:28:15,E:/Arquivos/Área de Trabalho/IMG\gertygert\Asian_Teens_11\imgsrc.ru_83381745MKX.webp,active
imgsrc.ru_83401327NYF.webp,gertygert,https://b7.cc.icdn.ru/g/gertygert/7/imgsrc.ru_83401327NYF.webp,2025-07-15 00:28:15,E:/Arquivos/Área de Trabalho/IMG\gertygert\Asian_Teens_11\imgsrc.ru_83401327NYF.webp,active
imgsrc.ru_83423571Jju.webp,gertygert,https://b7.cc.icdn.ru/g/gertygert/1/imgsrc.ru_83423571Jju.webp,2025-07-15 00:28:15,E:/Arquivos/Área de Trabalho/IMG\gertygert\Asian_Teens_11\imgsrc.ru_83423571Jju.webp,active
imgsrc.ru_83434710kLR.webp,gertygert,https://b7.cc.icdn.ru/g/gertygert/0/imgsrc.ru_83434710kLR.webp,2025-07-15 00:28:15,E:/Arquivos/Área de Trabalho/IMG\gertygert\Asian_Teens_11\imgsrc.ru_83434710kLR.webp,active
imgsrc.ru_83454631QRu.webp,gertygert,https://b7.cc.icdn.ru/g/gertygert/1/imgsrc.ru_83454631QRu.webp,2025-07-15 00:28:15,E:/Arquivos/Área de Trabalho/IMG\gertygert\Asian_Teens_11\imgsrc.ru_83454631QRu.webp,active
imgsrc.ru_83471289EWd.webp,gertygert,https://b7.cc.icdn.ru/g/gertygert/9/imgsrc.ru_83471289EWd.webp,2025-07-15 00:28:15,E:/Arquivos/Área de Trabalho/IMG\gertygert\Asian_Teens_11\imgsrc.ru_83471289EWd.webp,active
